Workbook

Sheet README
A1: PumpSelect Pro — Friction Loss Validation Workbook
A2: Sheet-by-sheet guide to validate hydraulic_engine.py calculations.
A4: Colour key:
A5: Yellow | B5: = user input
A6: Green | B6: = calculated result
A7: Blue | B7: = reference value
A8: Red | B8: = status flag
A10: Sheets:
A11: Fluid_Props | B11: Water density, viscosity, vapour pressure vs T
A12: Pipe_Inputs | B12: User inputs for a single pipe
A13: Darcy_Weisbach | B13: Darcy path — all steps
A14: Hazen_Williams | B14: Hazen-Williams path — all steps
A15: Slurry_Durand | B15: Settling, critical velocity, Durand correction
A16: Minor_Losses | B16: K-factor accumulation
A17: Reference | B17: Roughness, C, E, sigma-allow tables
A18: Validation | B18: Sample test cases

Sheet Fluid_Props
A1: Fluid Property Calculator
A3: Temperature T (deg C) | B3: 20
A5: rho_water (kg/m3) | B5: =1000*(1-(B3-4)^2/500000) -> 999.488
A6: nu_water (m2/s) | B6: =0.000001792/(1+0.0337*B3+0.000221*B3^2) -> 1.0167953e-06
A7: nu_water (cSt) | B7: =B6*1000000 -> 1.0167953
A8: P_vapour (kPa) | B8: =10^(8.07131-1730.63/(233.426+B3))*0.133322368 -> 2.3295753
A10: Altitude check
A11: Altitude z (m) | B11: 0
A12: P_atm (kPa) | B12: =101.325*(1-0.0000225577*B11)^5.25588 -> 101.325
A14: Viscous fluid override
A15: Custom viscosity (cSt) | B15: 1
A16: nu_custom (m2/s) | B16: =B15*0.000001 -> 1e-06

Sheet Pipe_Inputs
A1: Pipe & Fluid Inputs
A3: Fluid type | B3: Water
A4: Flow Q (m3/h) | B4: 36
A5: Pipe ID D (mm) | B5: 100
A6: Pipe length L (m) | B6: 100
A7: Material | B7: commercial_steel
A8: Roughness eps (mm) | B8: =IFERROR(VLOOKUP(B7,Reference!$A$2:$B$10,2,FALSE),0.046) -> 0.046
A9: Elevation dZ (m) | B9: 0
A10: Minor loss SigmaK | B10: =Minor_Losses!$B$18 -> #VALUE!
A11: Specific gravity SG | B11: 1
A12: Operating temperature T (C) | B12: 20
A14: Slurry inputs (if applicable)
A15: Solids SG Ss | B15: 2.65
A16: Liquid SG Sl | B16: 1
A17: Solids weight Cw (%) | B17: 25
A18: Median d50 (mm) | B18: 0.15
A20: Derived fluid state
A21: nu (m2/s) | B21: =IF(B3="Viscous",Fluid_Props!$B$16,Fluid_Props!$B$6) -> 1.0167953e-06
A22: rho (kg/m3) | B22: =IF(B3="Slurry",(B16+(B17/100/B15)/((B17/100/B15)+((1-B17/100)/B16))*(B15-B16))*Fluid_Props!$B$5*B11,B11*Fluid_Props!$B$5) -> 999.488
A23: Q (m3/s) | B23: =B4/3600 -> 0.01
A24: D (m) | B24: =B5/1000 -> 0.1
A25: A (m2) | B25: =PI()*B24^2/4 -> 0.0078539816
A26: V (m/s) | B26: =B23/B25 -> 1.2732395
A27: Velocity head (m) | B27: =B26^2/(2*9.80665) -> 0.082655083
A28: Re | B28: =B27*B24/B20 -> #DIV/0!
A29: Regime | B29: =IF(B28<2300,"Laminar",IF(B28<4000,"Transitional","Turbulent")) -> #DIV/0!

Sheet Darcy_Weisbach
A1: Darcy-Weisbach Calculation
A3: D (m) | B3: =Pipe_Inputs!$B$24 -> 0.1
A4: L (m) | B4: =Pipe_Inputs!$B$6 -> 100
A5: eps (mm) | B5: =Pipe_Inputs!$B$8 -> 0.046
A6: SigmaK | B6: =Pipe_Inputs!$B$10 -> #VALUE!
A7: Q (m3/s) | B7: =Pipe_Inputs!$B$23 -> 0.01
A8: V (m/s) | B8: =Pipe_Inputs!$B$26 -> 1.2732395
A9: nu (m2/s) | B9: =Pipe_Inputs!$B$21 -> 1.0167953e-06
A10: Re | B10: =Pipe_Inputs!$B$28 -> #DIV/0!
A11: Regime | B11: =Pipe_Inputs!$B$29 -> #DIV/0!
A13: Friction factor
A14: Swamee-Jain seed f_SJ | B14: =0.25/(LOG10((B3/1000/B3)/3.7+5.74/B9^0.9))^2 -> 0.0066046626
A15: f — laminar (64/Re) | B15: =IF(B10>0,64/B10,0.02) -> #DIV/0!
A16: f — transitional blend | B16: =B15*(1-(B10-2300)/1700)+B14*((B10-2300)/1700) -> #DIV/0!
A17: f (final) | B17: =IF(B10<2300,B15,IF(B10<4000,B16,B14)) -> #DIV/0!
A19: Major head loss
A20: hf,major (m) | B20: =B18*(B3/B2)*(B7^2)/(2*9.80665) -> #DIV/0!
A22: Minor head loss
A23: hf,minor (m) | B23: =B6*(B8^2)/(2*9.80665) -> #VALUE!
A25: Totals
A26: hf,friction (m) | B26: =B20+B23 -> #DIV/0!
A27: hf,elev (m) | B27: =Pipe_Inputs!$B$9 -> 0
A28: h_total (m) | B28: =B26+B27 -> #DIV/0!
A30: Consolidated R, n
A31: R (s2/m5) | B31: =8/(9.80665*PI()^2*B3^4)*(B17*B4/B3+B9) -> #DIV/0!
A32: n | B32: 2
A33: hf check (R*Q^2) | B33: =B31*B9^2 -> #DIV/0!

Sheet Hazen_Williams
A1: Hazen-Williams Calculation
A3: D (m) | B3: =Pipe_Inputs!$B$24 -> 0.1
A4: L (m) | B4: =Pipe_Inputs!$B$6 -> 100
A5: Q (m3/s) | B5: =Pipe_Inputs!$B$23 -> 0.01
A6: Material | B6: =Pipe_Inputs!$B$7 -> commercial_steel
A7: C factor | B7: =IFERROR(VLOOKUP(B6,Reference!$E$2:$F$10,2,FALSE),120) -> 120
A9: Major head loss
A10: hf,major (m) | B10: =10.67*B4*B6^(-1.852)*B3^(-4.87)*B5^1.852 -> #VALUE!
A12: Minor losses (equivalent length)
A13: SigmaK | B13: =Pipe_Inputs!$B$10 -> #VALUE!
A14: f_ref | B14: 0.02
A15: L_eq (m) | B15: =B13*(B3/B14) -> #VALUE!
A16: L_eff (m) | B16: =B4+B15 -> #VALUE!
A17: hf,minor (equivalent) | B17: =10.67*B15*B8^(-1.852)*B5^(-4.87)*B7^1.852 -> #VALUE!
A19: Totals
A20: hf,friction (m) | B20: =B10+B16 -> #VALUE!
A21: h_total (m) | B21: =B20+Pipe_Inputs!$B$9 -> #VALUE!
A23: Consolidated R, n
A24: R | B24: =10.67*B16*B5^(-1.852)*B2^(-4.87) -> #VALUE!
A25: n | B25: 1.852
A26: hf check | B26: =B24*B2^B25 -> #VALUE!

Sheet Slurry_Durand
A1: Slurry — Durand Correction
A2: Only applicable if fluid type = Slurry.
A4: Ss (solids SG) | B4: =Pipe_Inputs!$B$15 -> 2.65
A5: Sl (liquid SG) | B5: =Pipe_Inputs!$B$16 -> 1
A6: Cw (%) | B6: =Pipe_Inputs!$B$17 -> 25
A7: d50 (mm) | B7: =Pipe_Inputs!$B$18 -> 0.15
A8: D (m) | B8: =Pipe_Inputs!$B$24 -> 0.1
A9: V (m/s) | B9: =Pipe_Inputs!$B$26 -> 1.2732395
A10: nu (m2/s) | B10: =Pipe_Inputs!$B$21 -> 1.0167953e-06
A11: hf,major (m) | B11: =Darcy_Weisbach!$B$20 -> #DIV/0!
A12: L (m) | B12: =Pipe_Inputs!$B$6 -> 100
A14: Concentration
A15: Cw (fraction) | B15: =B5/100 -> 0.01
A16: Cv (vol fraction) | B16: =(B15/B4)/((B15/B4)+((1-B15)/B5)) -> 0.003797228
A17: Sm (mixture SG) | B17: =B4+B16*(B3-B4) -> 2.6399373
A19: Ferguson & Church settling velocity
A20: R factor | B20: =(B2-B3)/B3 -> #DIV/0!
A21: d (m) | B21: =B4/1000 -> 0.00265
A22: Vt (m/s) | B22: =(B20*9.80665*B21^2)/(18*B8+SQRT(0.75*0.8*B20*9.80665*B21^3)) -> #DIV/0!
A24: Durand critical velocity
A25: FL (d50 < 0.5 case) | B25: =1.34*(B4/0.5)^0.25*(B15/0.15)^0.05 -> 1.7756984
A26: FL (d50 >= 0.5 case) | B26: =1.34*(B16/0.15)^0.05 -> 1.1149967
A27: FL (final) | B27: =IF(B4<0.5,MIN(1.45,MAX(0.75,B25)),MIN(1.45,MAX(0.75,B25))) -> 1.45
A28: Vc (m/s) | B28: =B27*SQRT(2*9.80665*B6*(B6-B7)/B7) -> 413.26717
A29: Deposition margin V/Vc | B29: =B6/B28 -> 0.060493554
A30: Status | B30: =IF(B29>=1.2,"Safe Suspension",IF(B29>=1,"Marginal","High Deposition Risk")) -> High Deposition Risk
A32: Durand head-loss correction
A33: i_w (water gradient) | B33: =B4/B5 -> 2.65
A34: C_d | B34: =(4/3)*9.80665*B16*(B9-B10)/B17^2 -> 0.0090708633
A35: psi | B35: =B4^2*SQRT(B34)/(9.80665*B5*(B4-B5)) -> 0.041334381
A36: phi | B36: =82*B35^(-1.5) -> 9757.6828
A37: i_m (slurry gradient) | B37: =B33*(1+B36*B14)*B15 -> 0.0265
A38: hf,major,slurry (m) | B38: =B37*B3 -> 0
A39: hf,minor (m) | B39: =Darcy_Weisbach!$B$23 -> #VALUE!
A40: hf,friction (m) | B40: =B38+B39 -> #VALUE!

Sheet Minor_Losses
A1: Minor Loss Accumulator (K-Factors)
A3: Fitting | B3: K_unit | C3: Count | D3: K_total
A4: 90 Standard elbow | B4: 0.9 | C4: 2 | D4: =B3*C3 -> #VALUE!
A5: 45 elbow | B5: 0.4 | C5: 0 | D5: =B4*C4 -> 1.8
A6: Tee run-through | B6: 0.4 | C6: 0 | D6: =B5*C5 -> 0
A7: Tee branch | B7: 1.8 | C7: 0 | D7: =B6*C6 -> 0
A8: Gate valve open | B8: 0.2 | C8: 1 | D8: =B7*C7 -> 0
A9: Gate valve 50% | B9: 5.6 | C9: 0 | D9: =B8*C8 -> 0.2
A10: Globe valve | B10: 10 | C10: 0 | D10: =B9*C9 -> 0
A11: Ball valve full | B11: 0.05 | C11: 0 | D11: =B10*C10 -> 0
A12: Butterfly valve | B12: 0.3 | C12: 0 | D12: =B11*C11 -> 0
A13: Swing check | B13: 2.5 | C13: 0 | D13: =B12*C12 -> 0
A14: Ball check | B14: 4.5 | C14: 0 | D14: =B13*C13 -> 0
A16: Pipe custom K | B16: 0 | D16: =A15 -> 0
A18: Total SigmaK | B18: =SUM(D4:D14)+D16 -> #VALUE!
A19: (SigmaK exported to Pipe_Inputs!B10) | B19: =B17 -> 0

Sheet Reference
A1: Material key | B1: eps (mm) | E1: Material key | F1: C | I1: Material key | J1: E (GPa) | L1: Material key | M1: sigma (MPa)
A2: commercial_steel | B2: 0.046 | E2: pvc | F2: 150 | I2: commercial_steel | J2: 207 | L2: commercial_steel | M2: 138
A3: stainless_steel | B3: 0.015 | E3: plastic_pe | F3: 140 | I3: stainless_steel | J3: 193 | L3: stainless_steel | M3: 137
A4: pvc | B4: 0.002 | E4: hdpe | F4: 140 | I4: galvanised_steel | J4: 200 | L4: galvanised_steel | M4: 138
A5: plastic_pe | B5: 0.007 | E5: stainless_steel | F5: 140 | I5: ductile_iron | J5: 170 | L5: ductile_iron | M5: 150
A6: hdpe | B6: 0.007 | E6: copper | F6: 140 | I6: cast_iron | J6: 100 | L6: cast_iron | M6: 40
A7: galvanised_steel | B7: 0.15 | E7: ductile_iron | F7: 130 | I7: copper | J7: 117 | L7: copper | M7: 70
A8: ductile_iron | B8: 0.25 | E8: commercial_steel | F8: 120 | I8: concrete | J8: 30 | L8: pvc | M8: 14
A9: cast_iron | B9: 0.26 | E9: galvanised_steel | F9: 120 | I9: pvc | J9: 3 | L9: plastic_pe | M9: 8
A10: copper | B10: 0.0015 | E10: cast_iron | F10: 100 | I10: hdpe | J10: 1 | L10: hdpe | M10: 8

Sheet Validation
A1: Validation Test Cases
A3: Case | B3: Fluid | C3: D (mm) | D3: L (m) | E3: Q (m3/h) | F3: eps (mm) | G3: Material | H3: Expected Re | I3: Regime | J3: Expected f | K3: Expected hf,major (m)
A4: 1 | B4: Water 20 C | C4: 100 | D4: 100 | E4: 36 | F4: 0.046 | G4: commercial_steel | H4: ~1.27e5 | I4: Turbulent | J4: ~0.0206 | K4: ~1.02
A5: 2 | B5: Water 20 C | C5: 100 | D5: 100 | E5: 3.6 | F5: 0.046 | G5: commercial_steel | H5: ~1.27e4 | I5: Turbulent | J5: ~0.0279 | K5: ~0.013
A6: 3 | B6: Water 20 C | C6: 100 | D6: 100 | E6: 0.36 | F6: 0.046 | G6: commercial_steel | H6: ~1.27e3 | I6: Laminar | J6: 64/Re | K6: ~0.00047
A7: 4 | B7: Oil 50 cSt | C7: 100 | D7: 100 | E7: 36 | F7: 0.046 | G7: commercial_steel | H7: ~2.55e3 | I7: Transitional | J7: blend | K7: ~0.15
A8: 5 | B8: Slurry | C8: 100 | D8: 100 | E8: 36 | F8: 0.046 | G8: commercial_steel | H8: ~1.27e5 | I8: Turbulent | J8: Colebrook | K8: Durand-corrected
A9: 6 | B9: Water 20 C | C9: 100 | D9: 100 | E9: 36 | F9: 0.002 | G9: pvc | H9: ~1.27e5 | I9: Turbulent | J9: ~0.0182 | K9: ~0.90
A10: 7 | B10: HW PVC C=150 | C10: 100 | D10: 100 | E10: 36 | F10: - | G10: pvc | H10: - | I10: - | J10: - | K10: ~0.83
