Workbook
Name curve_raw_tables: Sheet1!$BY:$BY
Name M_Flow: PumpOG!$CG:$CG
Name M_head: PumpOG!$CE:$CE
Name M_KW: PumpOG!$CF:$CF
Name M_NP: PumpOG!$CI:$CI
Name model_number: Sheet1!$E:$E

Sheet Sheet1
A1: id | B1: organisation_id | C1: name | D1: manufacturer | E1: model_number | F1: size | G1: speed_rpm | H1: impeller_dia_mm | I1: catalogue_report_ids | J1: family_type | K1: impeller_diameters | L1: hq_a0 | M1: hq_a1 | N1: hq_a2 | O1: hq_a3 | P1: hq_a4 | Q1: hq_a5 | R1: eff_b0 | S1: eff_b1 | T1: eff_b2 | U1: eff_b3 | V1: eff_b4 | W1: eff_b5 | X1: npsh_c0 | Y1: npsh_c1 | Z1: npsh_c2 | AA1: npsh_c3 | AB1: npsh_c4 | AC1: npsh_c5 | AD1: pow_p0 | AE1: pow_p1 | AF1: pow_p2 | AG1: pow_p3 | AH1: pow_p4 | AI1: pow_p5 | AJ1: q_min | AK1: q_max | AL1: q_bep | AM1: hr | AN1: qr | AO1: er | AP1: pump_type | AQ1: application | AR1: notes | AS1: extra_curves_json | AT1: graph_show_eff_iso | AU1: graph_eff_levels | AV1: graph_show_power_iso | AW1: graph_power_levels | AX1: graph_show_npsh_iso | AY1: graph_npsh_levels | AZ1: graph_show_npsh_curve | BA1: graph_npsh_yaxis | BB1: graph_show_speed_lines | BC1: graph_speed_line_values | BD1: graph_show_rpm_overlay | BE1: graph_rpm_values | BF1: graph_show_dia_overlay | BG1: graph_dia_overlay_values | BH1: graph_show_hq | BI1: graph_show_other | BJ1: graph_show_eff | BK1: graph_show_power | BL1: graph_show_npsh | BM1: graph_combine_eff_power | BN1: graph_trim_model | BO1: graph_trim_penalty | BP1: selection_allow_fixed_speed | BQ1: selection_allow_vsd | BR1: graph_options_json | BS1: graph_custom_label_pos | BT1: curve_labels | BU1: curve_diameters | BV1: curve_colors | BW1: curve_modes | BX1: curve_units | BY1: curve_raw_tables | BZ1: curve_coeffs | CA1: unit_q | CB1: unit_h | CC1: unit_npsh | CD1: unit_pow | CE1: unit_op_q | CF1: app_modules | CG1: impeller_material | CH1: casing_material | CI1: number_of_vanes | CJ1: suction_size | CK1: discharge_size | CL1: unit_suction | CM1: unit_discharge | CN1: max_solid_size_mm | CO1: unit_solid | CP1: max_pressure_bar | CQ1: unit_pressure | CR1: max_temp_c | CS1: unit_temp | CT1: seal_type | CU1: drive_type | CV1: is_multistage | CW1: num_stages | CX1: is_double_suction | CY1: is_angle_trim | CZ1: is_self_priming | DA1: is_non_clog | DB1: has_inducer | DC1: is_throttling_capable | DD1: min_flow_m3h | DE1: max_orifice_dia_mm | DF1: impeller_eye_area_cm2 | DG1: vfd_min_hz | DH1: vfd_max_hz | DI1: PumpAttribute1 | DJ1: PumpAttribute2 | DK1: PumpAttribute3 | DL1: PumpAttribute4 | DM1: PumpAttribute5 | DN1: PumpAttribute6 | DO1: PumpAttribute7 | DP1: PumpAttribute8 | DQ1: PumpAttribute9 | DR1: PumpAttribute10 | DS1: PumpAttribute11 | DT1: PumpAttribute12 | DU1: PumpAttribute13 | DV1: PumpAttribute14 | DW1: PumpAttribute15 | DX1: PumpAttribute16 | DY1: PumpAttribute17 | DZ1: PumpAttribute18 | EA1: PumpAttribute19 | EB1: PumpAttribute20 | EC1: PumpAttribute21 | ED1: PumpAttribute22 | EE1: PumpAttribute23 | EF1: PumpAttribute24 | EG1: PumpAttribute25 | EH1: PumpAttribute26 | EI1: PumpAttribute27 | EJ1: PumpAttribute28 | EK1: PumpAttribute29 | EL1: PumpAttribute30 | EM1: head_curve_style | EN1: eff_curve_style | EO1: power_curve_style | EP1: npsh_curve_style | EQ1: main_curve_style | ER1: axis_flow_min | ES1: axis_flow_max | ET1: axis_flow_major | EU1: axis_flow_minor | EV1: axis_head_min | EW1: axis_head_max | EX1: axis_head_major | EY1: axis_head_minor | EZ1: axis_eff_min | FA1: axis_eff_max | FB1: axis_eff_major | FC1: axis_eff_minor | FD1: axis_power_min | FE1: axis_power_max | FF1: axis_power_major | FG1: axis_power_minor | FH1: axis_npsh_min | FI1: axis_npsh_max | FJ1: axis_npsh_major | FK1: axis_npsh_minor | FL1: poly_order | FM1: poly_order_hq | FN1: poly_order_eff | FO1: poly_order_npsh | FP1: poly_order_pow | FQ1: created_at | FR1: updated_at
A2: 1 | B2: 1 | C2: Test Pump Filtered | D2: Weir Minerals | E2: 4/3 C-AH | F2: 4/3 C-AH | G2: 1450 | H2: 300 | I2: all | J2: trimmed_impeller | L2: 50 | M2: 0 | N2: -0.0071875 | O2: 0 | P2: 0 | Q2: 0 | R2: -35.555556 | S2: 4.8888889 | T2: -0.055555556 | U2: 0 | V2: 0 | W2: 0 | X2: 1.8 | Y2: 0 | Z2: 0.0012 | AA2: 0 | AB2: 0 | AC2: 0 | AD2: 1.8701 | AE2: 0.11418058 | AF2: -0.0008011192 | AG2: 0 | AH2: 0 | AI2: 0 | AJ2: 0 | AK2: 100 | AL2: 44 | AM2: 0.9 | AN2: 0.92 | AO2: 0.85 | AP2: centrifugal slurry | AQ2: Slurry / mineral processing | AR2: Standard duty slurry pump. Up to 40% w/w abrasive slurry. | AT2: 1 | AU2: 15;30;45 | AV2: 1 | AW2: 5;15;25 | AX2: 1 | AY2: 3;5 | AZ2: 1 | BA2: y2 | BB2: 0 | BD2: 0 | BF2: 1 | BG2: [330;305;280;255;230] | BH2: 1 | BI2: 1 | BJ2: 1 | BK2: 1 | BL2: 1 | BM2: 1 | BN2: both | BO2: NULL | BP2: 1 | BQ2: 1 | BR2: {"show_eff_iso": true, "eff_levels": "15;30;45", "show_power_iso": true, "power_levels": "5;15;25", "show_npsh_iso": true, "npsh_levels": "3;5", "show_npsh_curve": true, "npsh_yaxis": "y2", "show_speed_lines": true, "show_hq": true, "show_other": true, "show_eff": true, "show_power": true, "show_npsh": true, "combine_eff_power": true, "trim_model": "both", "custom_label_pos": {"\u00d8250 mm": {"x": 100, "y": 25}}, "unit_max_imp": "mm", "graph_unit_q": "", "graph_unit_h": "", "graph_unit_npsh": "", "graph_unit_pow": "", "legend_mode": "each"} | BS2: {"\u00d8250 mm": {"x": 100, "y": 25}} | BT2: Curve 1 | BU2: 330.0;mm | BV2: #58a6ff | BW2: fit | BX2: m3h,m,m,kw | BY2: 0.000,46.000,,1.800,1.870;20.000,43.125,40.0,2.280,3.833;30.800,39.182,62.3,2.938,4.627;44.000,32.085,72.0,4.123,5.343;64.000,16.560,49.8,6.715,5.896;80.000,,0.0,9.480,5.877 | BZ2: 46.0,0.0,-0.0071875,0.0,-35.55555555555556,4.888888888888889,-0.05555555555555555,0.0,1.8,0.0,0.0012,1.8701,0.11418058,-0.0008011192,80.00,44.00 | CA2: m3h | CB2: m | CC2: m | CD2: kw | CE2: m3h | CI2: 5 | CL2: mm | CM2: mm | CN2: 0 | CO2: mm | CP2: 0 | CQ2: bar | CR2: 0 | CS2: degC | CV2: 0 | CW2: 1 | CX2: 0 | CY2: 0 | CZ2: 0 | DA2: 0 | DB2: 0 | DC2: 1 | DD2: 0 | DE2: 0 | DF2: 0 | DG2: 30 | DH2: 60 | EM2: #58a6ff;2.0,solid | EN2: #3fb950;1.5,dot | EO2: #f85149;1.5,longdash | EP2: #39d3c0;1.5,dashdot | EQ2: graph | ER2: NULL | ES2: NULL | ET2: NULL | EU2: NULL | EV2: NULL | EW2: NULL | EX2: NULL | EY2: NULL | EZ2: NULL | FA2: NULL | FB2: NULL | FC2: NULL | FD2: NULL | FE2: NULL | FF2: NULL | FG2: NULL | FH2: NULL | FI2: NULL | FJ2: NULL | FK2: NULL | FL2: 4 | FM2: 2 | FN2: 4 | FO2: 3 | FP2: 1 | FQ2: 46196.26 | FR2: 46261.573
A3: 2 | B3: 2 | C3: Warman 6/4 D-AH | D3: Weir Minerals | E3: 6/4 D-AH | F3: 6/4 D-AH | G3: 1000 | H3: 480 | I3: all | J3: trimmed_impeller | L3: 58 | M3: 0 | N3: -0.00047346939 | O3: 0 | P3: 0 | Q3: 0 | R3: -46.618106 | S3: 1.2986472 | T3: -0.0033298647 | U3: 0 | V3: 0 | W3: 0 | X3: 2.2 | Y3: 0 | Z3: 4.5e-05 | AA3: 0 | AB3: 0 | AC3: 0 | AD3: 9.2982 | AE3: 0.12834262 | AF3: -0.0002040423 | AG3: 0 | AH3: 0 | AI3: 0 | AJ3: 0 | AK3: 350 | AL3: 195 | AM3: 0.88 | AN3: 0.9 | AO3: 0.82 | AP3: centrifugal slurry | AQ3: Slurry / tailings | AR3: Heavy duty slurry pump for coarse and abrasive slurries. | AS3: [] | AT3: 1 | AV3: 0 | AX3: 0 | AZ3: 0 | BA3: y2 | BB3: 0 | BD3: 0 | BF3: 1 | BG3: [480;450;420;390;360] | BH3: 1 | BI3: 1 | BJ3: 1 | BK3: 1 | BL3: 1 | BM3: 1 | BN3: fit | BO3: NULL | BP3: 1 | BQ3: 0 | BR3: {"unit_max_imp": "mm", "graph_unit_q": "m3h", "graph_unit_h": "m", "graph_unit_npsh": "m", "graph_unit_pow": "kw", "legend_mode": "each", "label_format": "percent", "custom_label_pos": {}} | BS3: {} | BT3: Curve 1 | BU3: 480.0;mm | BV3: #58a6ff | BW3: fit | BX3: m3h,m,m,kw | BY3: 0.000,58.000,,2.200,9.298;87.500,54.375,41.5,2.545,18.966;136.500,49.178,68.6,3.038,23.015;195.000,39.996,80.0,3.911,26.566;280.000,20.880,55.9,5.728,29.237;350.000,,0.0,7.713,29.223 | BZ3: 58.0,0.0,-0.000473469387755102,0.0,0,0,-46.61810613943808,1.2986472424557753,-0.0033298647242455777,0.0,0,0,2.2,0.0,4.5e-05,0,0,0,9.2982,0.12834262,-0.0002040423,0,0,0,350.00,195.00 | CA3: m3h | CB3: m | CC3: m | CD3: kw | CE3: m3h | CI3: 5 | CL3: mm | CM3: mm | CN3: 0 | CO3: mm | CP3: 0 | CQ3: bar | CR3: 0 | CS3: degC | CV3: 0 | CW3: 1 | CX3: 0 | CY3: 0 | CZ3: 0 | DA3: 0 | DB3: 0 | DC3: 1 | DD3: 0 | DE3: 0 | DF3: 0 | DG3: 30 | DH3: 60 | EM3: #58a6ff;2.0,solid | EN3: #3fb950;1.5,dot | EO3: #f85149;1.5,longdash | EP3: #39d3c0;1.5,dashdot | EQ3: graph | ER3: NULL | ES3: NULL | ET3: NULL | EU3: NULL | EV3: NULL | EW3: NULL | EX3: NULL | EY3: NULL | EZ3: NULL | FA3: NULL | FB3: NULL | FC3: NULL | FD3: NULL | FE3: NULL | FF3: NULL | FG3: NULL | FH3: NULL | FI3: NULL | FJ3: NULL | FK3: NULL | FL3: 3 | FM3: 3 | FN3: 3 | FO3: 2 | FP3: 2 | FQ3: 46196.26 | FR3: 46265.779
A4: 3 | B4: 2 | C4: Warman 8/6 E-AH | D4: Weir Minerals | E4: 8/6 E-AH | F4: 8/6 E-AH | G4: 750 | H4: 610 | I4: all | J4: trimmed_impeller | L4: 72 | M4: 0 | N4: -0.0001125 | O4: 0 | P4: 0 | Q4: 0 | R4: -40.493827 | S4: 0.55679012 | T4: -0.00063271605 | U4: 0 | V4: 0 | W4: 0 | X4: 2.8 | Y4: 0 | Z4: 2.5e-05 | AA4: 0 | AB4: 0 | AC4: 0 | AD4: 25.701 | AE4: 0.15692261 | AF4: -0.0001101008 | AG4: 0 | AH4: 0 | AI4: 0 | AJ4: 0 | AK4: 800 | AL4: 440 | AM4: 0.87 | AN4: 0.9 | AO4: 0.8 | AP4: centrifugal slurry | AQ4: Slurry / coarse solids | AR4: Large slurry pump for high flow, coarse slurry duties. | AT4: 1 | AV4: 0 | AX4: 0 | AZ4: 0 | BA4: y2 | BB4: 0 | BD4: 0 | BF4: 1 | BG4: [610;570;530;490;450] | BH4: 1 | BI4: 1 | BJ4: 1 | BK4: 1 | BL4: 1 | BM4: 1 | BN4: fit | BO4: NULL | BP4: 1 | BQ4: 1 | BS4: {} | CA4: m3h | CB4: m | CC4: m | CD4: kw | CE4: m3h | CI4: 5 | CN4: 0 | CP4: 0 | CR4: 0 | CV4: 0 | CW4: 1 | CX4: 0 | CY4: 0 | CZ4: 0 | DA4: 0 | DB4: 0 | DC4: 1 | DD4: 0 | DE4: 0 | DF4: 0 | DG4: 30 | DH4: 60 | EM4: #58a6ff;2.0,solid | EN4: #3fb950;1.5,dot | EO4: #f85149;1.5,longdash | EP4: #39d3c0;1.5,dashdot | EQ4: graph | ER4: NULL | ES4: NULL | ET4: NULL | EU4: NULL | EV4: NULL | EW4: NULL | EX4: NULL | EY4: NULL | EZ4: NULL | FA4: NULL | FB4: NULL | FC4: NULL | FD4: NULL | FE4: NULL | FF4: NULL | FG4: NULL | FH4: NULL | FI4: NULL | FJ4: NULL | FK4: NULL | FL4: 3 | FM4: 3 | FN4: 3 | FO4: 2 | FP4: 2 | FQ4: 46196.26 | FR4: 46196.26
A5: 4 | B5: 2 | C5: Warman 10/8 F-M | D5: Weir Minerals | E5: 10/8 F-M | F5: 10/8 F-M | G5: 600 | H5: 760 | I5: all | J5: trimmed_impeller | L5: 82 | M5: 0 | N5: -3.203125e-05 | O5: 0 | P5: 0 | Q5: 0 | R5: -39.506173 | S5: 0.27160494 | T5: -0.00015432099 | U5: 0 | V5: 0 | W5: 0 | X5: 3.2 | Y5: 0 | Z5: 1.2e-05 | AA5: 0 | AB5: 0 | AC5: 0 | AD5: 60.0047 | AE5: 0.18318536 | AF5: -6.42637e-05 | AG5: 0 | AH5: 0 | AI5: 0 | AJ5: 0 | AK5: 1600 | AL5: 880 | AM5: 0.86 | AN5: 0.89 | AO5: 0.78 | AP5: centrifugal slurry | AQ5: Mill circuit | AR5: Mill discharge pump for SAG/ball mill circuits. | AT5: 1 | AV5: 0 | AX5: 0 | AZ5: 0 | BA5: y2 | BB5: 0 | BD5: 0 | BF5: 1 | BG5: [760;710;660;610;560] | BH5: 1 | BI5: 1 | BJ5: 1 | BK5: 1 | BL5: 1 | BM5: 1 | BN5: fit | BO5: NULL | BP5: 1 | BQ5: 1 | BS5: {} | CA5: m3h | CB5: m | CC5: m | CD5: kw | CE5: m3h | CI5: 5 | CN5: 0 | CP5: 0 | CR5: 0 | CV5: 0 | CW5: 1 | CX5: 0 | CY5: 0 | CZ5: 0 | DA5: 0 | DB5: 0 | DC5: 1 | DD5: 0 | DE5: 0 | DF5: 0 | DG5: 30 | DH5: 60 | EM5: #58a6ff;2.0,solid | EN5: #3fb950;1.5,dot | EO5: #f85149;1.5,longdash | EP5: #39d3c0;1.5,dashdot | EQ5: graph | ER5: NULL | ES5: NULL | ET5: NULL | EU5: NULL | EV5: NULL | EW5: NULL | EX5: NULL | EY5: NULL | EZ5: NULL | FA5: NULL | FB5: NULL | FC5: NULL | FD5: NULL | FE5: NULL | FF5: NULL | FG5: NULL | FH5: NULL | FI5: NULL | FJ5: NULL | FK5: NULL | FL5: 3 | FM5: 3 | FN5: 3 | FO5: 2 | FP5: 2 | FQ5: 46196.26 | FR5: 46196.26
A6: 5 | B6: 2 | C6: Generic CW 50-200 | D6: Generic | E6: CW50-200 | F6: 50-200 | G6: 2900 | H6: 200 | I6: all | J6: trimmed_impeller | L6: 55 | M6: 0 | N6: -0.11363636 | O6: 0 | P6: 0 | Q6: 0 | R6: -29.92 | S6: 16.32 | T6: -0.68 | U6: 0 | V6: 0 | W6: 0 | X6: 1.2 | Y6: 0 | Z6: 0.04 | AA6: 0 | AB6: 0 | AC6: 0 | AD6: 0.6503 | AE6: 0.14539902 | AF6: -0.0037299845 | AG6: 0 | AH6: 0 | AI6: 0 | AJ6: 0 | AK6: 22 | AL6: 12 | AM6: 1 | AN6: 1 | AO6: 1 | AP6: centrifugal | AQ6: General water service | AR6: Standard end-suction centrifugal pump for water duties. | AS6: [{"label": "Curve 1Manual Trim 1", "color": "#58a6ff", "diameter": 290290, "unit_q": "ls", "unit_h": "m", "unit_npsh": "m", "unit_pow": "kw", "hq_a0": 48, "hq_a1": 0, "hq_a2": -0.0009645062, "hq_a3": 0, "eff_b0": 0, "eff_b1": 1.5625, "eff_b2": -0.0078125, "eff_b3": 0, "npsh_c0": 1, "npsh_c1": 0, "npsh_c2": 0, "pow_p0": 4.6822, "pow_p1": 0.126239, "pow_p2": -0.0003928, "q_max": 144, "q_bep": 99.99}] | AT6: 1 | AV6: 0 | AX6: 0 | AZ6: 0 | BA6: y2 | BB6: 0 | BD6: 0 | BF6: 1 | BG6: [200;185;170;155] | BH6: 1 | BI6: 1 | BJ6: 1 | BK6: 1 | BL6: 1 | BM6: 1 | BN6: fit | BO6: NULL | BP6: 1 | BQ6: 1 | BS6: {} | CA6: m3h | CB6: m | CC6: m | CD6: kw | CE6: m3h | CI6: 5 | CN6: 0 | CP6: 0 | CR6: 0 | CV6: 0 | CW6: 1 | CX6: 0 | CY6: 0 | CZ6: 0 | DA6: 0 | DB6: 0 | DC6: 1 | DD6: 0 | DE6: 0 | DF6: 0 | DG6: 30 | DH6: 60 | EM6: #58a6ff;2.0,solid | EN6: #3fb950;1.5,dot | EO6: #f85149;1.5,longdash | EP6: #39d3c0;1.5,dashdot | EQ6: graph | ER6: NULL | ES6: NULL | ET6: NULL | EU6: NULL | EV6: NULL | EW6: NULL | EX6: NULL | EY6: NULL | EZ6: NULL | FA6: NULL | FB6: NULL | FC6: NULL | FD6: NULL | FE6: NULL | FF6: NULL | FG6: NULL | FH6: NULL | FI6: NULL | FJ6: NULL | FK6: NULL | FL6: 3 | FM6: 3 | FN6: 3 | FO6: 2 | FP6: 2 | FQ6: 46196.26 | FR6: 46258.28
A7: 6 | B7: 2 | C7: Generic CW 100-315 | D7: Generic | E7: CW100-315 | F7: 100-315 | G7: 1450 | H7: 315 | I7: all | J7: variable_speed | L7: 68 | M7: 0 | N7: -0.001088 | O7: 0 | P7: 0 | Q7: 0 | R7: -40.41773 | S7: 1.716199 | T7: -0.0062181122 | U7: 0 | V7: 0 | W7: 0 | X7: 1.8 | Y7: 0 | Z7: 9.5e-05 | AA7: 0 | AB7: 0 | AC7: 0 | AD7: 7.9781 | AE7: 0.15539651 | AF7: -0.0003480523 | AG7: 0 | AH7: 0 | AI7: 0 | AJ7: 0 | AK7: 250 | AL7: 138 | AM7: 1 | AN7: 1 | AO7: 1 | AP7: centrifugal | AQ7: General water / process | AR7: Medium-duty centrifugal pump for water and mild process fluids. | AS7: [{"label": "Curve 1Test Trim", "color": "#58a6ff", "diameter": 280280, "unit_q": "ls", "unit_h": "m", "unit_npsh": "m", "unit_pow": "kw", "hq_a0": 50, "hq_a1": 0, "hq_a2": -0.0009645062, "hq_a3": 0, "eff_b0": 0, "eff_b1": 1.49305556, "eff_b2": -0.0072337963, "eff_b3": 0, "npsh_c0": 1, "npsh_c1": 0, "npsh_c2": 0, "pow_p0": 5.0747, "pow_p1": 0.131362, "pow_p2": -0.00038781, "q_max": 144, "q_bep": 103.17}, {"label": "Curve 2Manual Trim 2", "color": "#3fb950", "diameter": 275, "unit_q": "m3h", "unit_h": "m", "unit_npsh": "m", "unit_pow": "kw", "hq_a0": 46, "hq_a1": 0.025, "hq_a2": -0.01375, "hq_a3": 0, "eff_b0": 0, "eff_b1": 5.5, "eff_b2": -0.1, "eff_b3": 0, "npsh_c0": 1, "npsh_c1": 0, "npsh_c2": 0, "pow_p0": 1.2588, "pow_p1": 0.123613, "pow_p2": -0.00140444, "q_max": 40, "q_bep": 27.51}] | AT7: 1 | AV7: 0 | AX7: 0 | AZ7: 0 | BA7: y2 | BB7: 0 | BD7: 0 | BE7: 1000, 900, 800, 700, 600, 500 | BF7: 1 | BG7: [315;290;265;240] | BH7: 1 | BI7: 1 | BJ7: 1 | BK7: 1 | BL7: 1 | BM7: 1 | BN7: fit | BO7: NULL | BP7: 1 | BQ7: 1 | BR7: {"unit_max_imp": "mm", "graph_unit_q": "m3h", "graph_unit_h": "m", "graph_unit_npsh": "m", "graph_unit_pow": "kw", "legend_mode": "each", "custom_label_pos": {"eta_75": {"x": 133.89, "y": 55.18}, "eta_45": {"x": 226.26, "y": 29.18}, "eta_70": {"x": 187.47, "y": 44.92}}} | BS7: {"eta_75": {"x": 133.89, "y": 55.18}, "eta_45": {"x": 226.26, "y": 29.18}, "eta_70": {"x": 187.47, "y": 44.92}} | BT7: Curve 1;Curve 1Test Trim;Curve 2Manual Trim 2 | BU7: 315.0;mm|280280;mm|275;mm | BV7: #58a6ff;#58a6ff;#3fb950 | BW7: fit;fit;fit | BX7: m3h,m,m,kw|ls,m,m,kw|m3h,m,m,kw | BY7: 0.000,68.000,,1.800,7.978;62.500,63.750,42.6,2.171,16.331;96.600,57.847,67.3,2.686,19.742;138.000,47.280,78.0,3.609,22.795;200.000,24.480,54.1,5.600,25.135;250.000,,,7.737,25.074|| | BZ7: 68.0,0.0,-0.001088,0.0,-40.41772959183673,1.7161989795918366,-0.006218112244897959,0.0,1.8,0.0,9.5e-05,7.9781,0.15539651,-0.0003480523,250.00,138.00|50,0,-0.0009645062,0,0,1.49305556,-0.0072337963,0,1,0,0,5.0747,0.131362,-0.00038781,144,103.17|46,0.025,-0.01375,0,0,5.5,-0.1,0,1,0,0,1.2588,0.123613,-0.00140444,40,27.51 | CA7: m3h | CB7: m | CC7: m | CD7: kw | CE7: m3h | CI7: 5 | CN7: 0 | CP7: 0 | CR7: 0 | CV7: 0 | CW7: 1 | CX7: 0 | CY7: 0 | CZ7: 0 | DA7: 0 | DB7: 0 | DC7: 1 | DD7: 0 | DE7: 0 | DF7: 0 | DG7: 30 | DH7: 60 | EM7: #58a6ff;2.0,solid | EN7: #3fb950;1.5,dot | EO7: #f85149;1.5,longdash | EP7: #39d3c0;1.5,dashdot | EQ7: graph | ER7: NULL | ES7: NULL | ET7: NULL | EU7: NULL | EV7: NULL | EW7: NULL | EX7: NULL | EY7: NULL | EZ7: NULL | FA7: NULL | FB7: NULL | FC7: NULL | FD7: NULL | FE7: NULL | FF7: NULL | FG7: NULL | FH7: NULL | FI7: NULL | FJ7: NULL | FK7: NULL | FL7: 3 | FM7: 3 | FN7: 3 | FO7: 2 | FP7: 2 | FQ7: 46196.26 | FR7: 46263.807
A8: 7 | B8: 2 | C8: KSB Etanorm 32-200 | D8: KSB | E8: Etanorm 32-200 | F8: 32-200 | G8: 2900 | H8: 190 | I8: all | J8: trimmed_impeller | L8: 30 | M8: 0 | N8: -0.1171875 | O8: 0 | P8: 0 | Q8: 0 | R8: -40.489796 | S8: 22.77551 | T8: -1.2653061 | U8: 0 | V8: 0 | W8: 0 | X8: 1 | Y8: 0 | Z8: 0.1 | AA8: 0 | AB8: 0 | AC8: 0 | AD8: 0.2839 | AE8: 0.0850248 | AF8: -0.0029374399 | AG8: 0 | AH8: 0 | AI8: 0 | AJ8: 0 | AK8: 16 | AL8: 9 | AM8: 1 | AN8: 1 | AO8: 1 | AP8: centrifugal | AQ8: Building services / HVAC | AR8: Compact process pump for heating / cooling circuits. | AS8: [] | AT8: 1 | AV8: 0 | AX8: 0 | AZ8: 0 | BA8: y2 | BB8: 0 | BD8: 0 | BF8: 1 | BG8: [190;175;160] | BH8: 1 | BI8: 1 | BJ8: 1 | BK8: 1 | BL8: 1 | BM8: 1 | BN8: fit | BO8: NULL | BP8: 1 | BQ8: 1 | BR8: {"unit_max_imp": "mm", "graph_unit_q": "m3h", "graph_unit_h": "m", "graph_unit_npsh": "m", "graph_unit_pow": "kw", "legend_mode": "each", "custom_label_pos": {"eta_50": {"x": 12.87, "y": 16.24}, "eta_55": {"x": 10.59, "y": 22.92}, "eta_60": {"x": 6.19, "y": 16.61}, "eta_30": {"x": 4.68, "y": 32.76}, "eta_45": {"x": 13.18, "y": 16.44}}, "label_format": "percent"} | BS8: {"eta_50": {"x": 12.87, "y": 16.24}, "eta_55": {"x": 10.59, "y": 22.92}, "eta_60": {"x": 6.19, "y": 16.61}, "eta_30": {"x": 4.68, "y": 32.76}, "eta_45": {"x": 13.18, "y": 16.44}} | BT8: Curve 1 | BU8: 190.0;mm | BV8: #58a6ff | BW8: fit | BX8: m3h,m,m,kw | BY8: 0.000,30.000,,1.000,0.284;4.000,28.125,30.4,2.600,0.577;6.300,25.349,52.8,4.969,0.703;9.000,20.508,62.0,9.100,0.811;12.800,10.800,43.7,17.384,0.891;16.000,,,26.600,0.892 | BZ8: 30.0,0.0,-0.1171875,0.0,0,0,-40.48979591836735,22.775510204081634,-1.2653061224489797,0.0,0,0,1.0,0.0,0.1,0,0,0,0.2839,0.0850248,-0.0029374399,0,0,0,16.00,9.00 | CA8: m3h | CB8: m | CC8: m | CD8: kw | CE8: m3h | CI8: 5 | CL8: mm | CM8: mm | CN8: 0 | CO8: mm | CP8: 0 | CQ8: bar | CR8: 0 | CS8: degC | CV8: 0 | CW8: 1 | CX8: 0 | CY8: 0 | CZ8: 0 | DA8: 0 | DB8: 0 | DC8: 1 | DD8: 0 | DE8: 0 | DF8: 0 | DG8: 30 | DH8: 60 | DI8: open | DJ8: ANSI | DK8: 6 | DM8: Rubber | EM8: #58a6ff;2.0,solid | EN8: #3fb950;1.5,dot | EO8: #f85149;1.5,longdash | EP8: #39d3c0;1.5,dashdot | EQ8: graph | ER8: NULL | ES8: NULL | ET8: NULL | EU8: NULL | EV8: NULL | EW8: NULL | EX8: NULL | EY8: NULL | EZ8: NULL | FA8: NULL | FB8: NULL | FC8: NULL | FD8: NULL | FE8: NULL | FF8: NULL | FG8: NULL | FH8: NULL | FI8: NULL | FJ8: NULL | FK8: NULL | FL8: 3 | FM8: 3 | FN8: 3 | FO8: 2 | FP8: 2 | FQ8: 46196.26 | FR8: 46268.563
A9: 9 | B9: 2 | C9: ISF100x65-200 2P | D9: APEX PUMPS | E9: ISF100x65-200 | G9: 2900 | H9: 282 | I9: all | J9: trimmed_impeller | L9: 69.996949 | M9: 0.00501678 | N9: 0.0005897238 | O9: -7.466356e-06 | P9: 9.4089e-09 | Q9: 0 | R9: 0.368878 | S9: 1.2613619 | T9: -0.0062642612 | U9: 9.167406e-06 | V9: 0 | W9: 0 | X9: 2.614652 | Y9: -0.01680064 | Z9: 0.0001301316 | AA9: 0 | AB9: 0 | AC9: 0 | AD9: 11.9889 | AE9: 0.143352 | AF9: 0.00014407 | AG9: -1.2772e-06 | AH9: 0 | AI9: 0 | AJ9: 0 | AK9: 203.58 | AL9: 150.34 | AM9: 1 | AN9: 1 | AO9: 1 | AP9: centrifugal | AQ9: Process | AR9: Test notes | AS9: [{"label":"Curve 2","color":"#127ef3","diameter":"182","unit_dia":"mm","curve_mode":"affinity","unit_q":"ls","unit_h":"m","unit_npsh":"m","unit_pow":"kw","style_mode":"custom","use_custom_style":true,"weight":3,"style":"dot","raw_table":[["0","41.27","0","2.41","6.5"],["10.2","41.74","44.82","2.41","9.32"],["20.04","41.42","65.45","2.41","12.44"],["26.72","39.8","72.27","2.45","14.44"],["33.4","36.67","74.98","2.8","16.02"],["40.08","31.84","72.83","3.8","17.19"],["43.42","28.66","69.09","5","17.67"]]}] | AT9: 1 | AU9: 30;40;50;60;75;78 | AV9: 1 | AW9: 10;15;20;35;30;40 | AX9: 1 | AY9: 1.5;2.5;3.5;4.5 | AZ9: 0 | BA9: y1 | BB9: 0 | BC9: 2900;2100;1450;750 | BD9: 0 | BE9: 2900, 2000, 1000 | BF9: 1 | BG9: 228;213;197;182 | BH9: 1 | BI9: 1 | BJ9: 1 | BK9: 1 | BL9: 1 | BM9: 0 | BN9: fit | BO9: NULL | BP9: 1 | BQ9: 0 | BR9: {"unit_max_imp": "mm", "graph_unit_q": "ls", "graph_unit_h": "m", "graph_unit_npsh": "m", "graph_unit_pow": "kw", "legend_mode": "curve_labels", "curve_label_flow_pct": 100, "curve_label_vpos": "top", "curve_label_pos": "middle-top", "custom_label_pos": {"\u00d8182 mm (Affinity)": {"x": 179.04, "y": 28.92}, "\u00d8182 mm (Fitted)": {"x": 271.66, "y": 39.7}, "\u00d8228 mm": {"x": 216.07, "y": 47.33}, "eta_30": {"x": 97.42, "y": 74.34}, "eta_40": {"x": 142.16, "y": 74.47}, "\u00d8228.0 mm": {"x": 125, "y": 48}, "\u00d8197 mm": {"x": 183.85, "y": 34.45}, "eta_75": {"x": 108.99, "y": 72.32}, "npsh_4.5": {"x": 169.99, "y": 61.93}, "\u00d8213 mm": {"x": 197.75, "y": 40.59}, "eta_78": {"x": 185, "y": 59.7}, "eta_50": {"x": 185.54, "y": 75.37}, "npsh_2": {"x": 105.01, "y": 56.97}, "eta_60": {"x": 244.4, "y": 74.82}, "npsh_2.5": {"x": 123.52, "y": 52.88}, "npsh_3": {"x": 150.55, "y": 48.48}, "npsh_1.5": {"x": 275.4, "y": 47.89}, "eta_75_4": {"x": 107.66, "y": 71.86}, "npsh_4.5_5": {"x": 189.08, "y": 48.46}, "eta_75_5": {"x": 208.4, "y": 51.11}, "eta_78_7": {"x": 183.66, "y": 58.23}, "eta_30_0": {"x": 97.42, "y": 73.57}, "eta_78_6": {"x": 125.86, "y": 71.79}, "eff_\u00d8197 mm": {"x": 182.74, "y": 68.81}, "eff_\u00d8228 mm": {"x": 208.15, "y": 73.42}, "pow_\u00d8182 mm": {"x": 180.79, "y": 18.64}, "npsh_\u00d8182 mm": {"x": 171.29, "y": 2.81}, "eff_\u00d8213 mm": {"x": 197.03, "y": 71.03}, "eff_spd_3": {"x": 13.46, "y": 63.67}, "\u00d8182 mm": {"x": 173.59, "y": 29.12}, "eff_\u00d8182 mm": {"x": 166, "y": 69.32}, "eff_spd_0": {"x": 214.85, "y": 67.56}, "eff_spd_2": {"x": 113.72, "y": 66.44}, "eff_spd_1": {"x": 156.74, "y": 69.22}, "\u00d8213 mm (93%)": {"x": 209.41, "y": 40.29}, "\u00d8182 mm (80%)": {"x": 178.49, "y": 28.29}, "\u00d8197 mm (86%)": {"x": 194.83, "y": 34.03}, "pow_\u00d8182 mm (80%)": {"x": 176.36, "y": 18.67}, "pow_\u00d8197 mm (86%)": {"x": 207.68, "y": 22.82}, "pow_\u00d8228 mm (100%)": {"x": 229.75, "y": 38.36}, "eff_\u00d8228 mm (100%)": {"x": 210.92, "y": 73.82}, "eff_\u00d8213 mm (93%)": {"x": 197.14, "y": 70.45}, "eff_\u00d8197 mm (86%)": {"x": 180.04, "y": 68.97}, "eff_\u00d8182 mm (80%)": {"x": 171.32, "y": 67.69}, "spd_lbl_1": {"x": 164.27, "y": 22.72}, "spd_lbl_0": {"x": 213.59, "y": 45.65}, "npsh_4.5_3": {"x": 196.45, "y": 46.45}, "pow_spd_1": {"x": 168.05, "y": 16}, "pow_spd_2": {"x": 114.16, "y": 6}, "pow_spd_3": {"x": 66.53, "y": 0.67}, "npsh_spd_3": {"x": 62.35, "y": 0.21}, "npsh_spd_2": {"x": 115.81, "y": 1.12}, "npsh_\u00d8228 mm (100%)": {"x": 216.32, "y": 4.25}, "pow_spd_0": {"x": 162.61, "y": 34.67}, "pow_dia_0": {"x": 217.33, "y": 37.56}, "eff_dia_3": {"x": 167.83, "y": 66.83}, "pow_dia_3": {"x": 178.88, "y": 18}, "pow_dia_2": {"x": 193.93, "y": 24.44}, "spd_lbl_2": {"x": 111.64, "y": 6.96}, "dia_lbl_3": {"x": 132.67, "y": 30.43}, "dia_lbl_2": {"x": 187.67, "y": 35.79}, "dia_lbl_1": {"x": 199.37, "y": 40.32}, "eff_dia_2": {"x": 181.94, "y": 69.06}, "eff_dia_1": {"x": 197.35, "y": 72.11}, "eff_dia_0": {"x": 210.28, "y": 73.78}, "eta_40_left": {"x": 38.09, "y": 74.45}, "eta_30_left": {"x": 25.56, "y": 73.92}, "eta_50_left": {"x": 53.57, "y": 75.52}, "eta_60_left": {"x": 73.62, "y": 74.99}, "eta_75_left": {"x": 107.03, "y": 73.92}, "dia_lbl_0": {"x": 214.42, "y": 47.52}, "eta_75_right": {"x": 208.91, "y": 52.59}, "spd_lbl_3": {"x": 64.84, "y": 1.92}, "pow_30_4": {"x": 150.08, "y": 59.23}, "pow_20_2": {"x": 85.32, "y": 61.63}, "npsh_2.5_1": {"x": 140.04, "y": 52.03}, "npsh_3.5_2": {"x": 175.57, "y": 43.49}, "npsh_spd_1": {"x": 160.92, "y": 2.34}, "npsh_spd_0": {"x": 157.18, "y": 3.26}, "npsh_dia_0": {"x": 209.45, "y": 4.56}, "npsh_dia_1": {"x": 196.92, "y": 3.97}, "npsh_dia_2": {"x": 181.87, "y": 3.41}, "npsh_dia_3": {"x": 167.47, "y": 2.91}, "pow_dia_1": {"x": 206.46, "y": 29.33}, "pow_15_1": {"x": 56.48, "y": 56.29}, "pow_35_3": {"x": 185.18, "y": 50.72}, "eta_78_right": {"x": 183.49, "y": 60.59}, "eta_78_left": {"x": 127.08, "y": 72.32}, "pow_10_0": {"x": 31.43, "y": 48.83}, "npsh_1.5_0": {"x": 80.32, "y": 47.36}, "\u00d8228 mm (100%)": {"x": 226.4, "y": 45.63}, "pow_\u00d8197 mm": {"x": 195.19, "y": 24.64}, "pow_\u00d8213 mm": {"x": 205.63, "y": 30.42}, "pow_\u00d8228 mm": {"x": 213.59, "y": 36.64}, "npsh_\u00d8197 mm": {"x": 184.43, "y": 3.46}, "npsh_\u00d8213 mm": {"x": 198.18, "y": 3.98}, "npsh_\u00d8228 mm": {"x": 211.68, "y": 4.54}, "eff_750 RPM (26%)": {"x": 22.21, "y": 65.33}, "eff_1450 RPM (50%)": {"x": 109.12, "y": 68.11}, "eff_2100 RPM (72%)": {"x": 165.24, "y": 72.39}, "eff_2900 RPM (100%)": {"x": 208.87, "y": 66.56}, "750 RPM (26%)": {"x": 74.27, "y": 2.85}, "1450 RPM (50%)": {"x": 121.25, "y": 10.56}, "2100 RPM (72%)": {"x": 165.28, "y": 34.35}, "2900 RPM (100%)": {"x": 223.02, "y": 45.03}, "pow_1450 RPM (50%)": {"x": 125.03, "y": 4.04}, "pow_2100 RPM (72%)": {"x": 152.28, "y": 13.46}, "pow_2900 RPM (100%)": {"x": 225.61, "y": 35.97}, "pow_\u00d8213 mm (93%)": {"x": 217.76, "y": 29.4}, "npsh_\u00d8182 mm (80%)": {"x": 158.8, "y": 2.11}, "npsh_\u00d8197 mm (86%)": {"x": 186.59, "y": 3}, "npsh_\u00d8213 mm (93%)": {"x": 192.35, "y": 3.69}, "1000 RPM (34%)": {"x": 94.93, "y": 3.76}, "eff_1000 RPM (34%)": {"x": 27.25, "y": 65.28}, "eff_2000 RPM (69%)": {"x": 140.87, "y": 67.5}, "pow_1000 RPM (34%)": {"x": 97.02, "y": 2.64}, "pow_2000 RPM (69%)": {"x": 159.26, "y": 11.76}, "npsh_1000 RPM (34%)": {"x": 91.22, "y": 0.56}, "npsh_2900 RPM (100%)": {"x": 243.43, "y": 4.54}, "npsh_2000 RPM (69%)": {"x": 179.57, "y": 2.2}}, "label_format": "simple"} | BS9: {"\u00d8182 mm (Affinity)": {"x": 179.04, "y": 28.92}, "\u00d8182 mm (Fitted)": {"x": 271.66, "y": 39.7}, "\u00d8228 mm": {"x": 216.07, "y": 47.33}, "eta_30": {"x": 97.42, "y": 74.34}, "eta_40": {"x": 142.16, "y": 74.47}, "\u00d8228.0 mm": {"x": 125, "y": 48}, "\u00d8197 mm": {"x": 183.85, "y": 34.45}, "eta_75": {"x": 108.99, "y": 72.32}, "npsh_4.5": {"x": 169.99, "y": 61.93}, "\u00d8213 mm": {"x": 197.75, "y": 40.59}, "eta_78": {"x": 185, "y": 59.7}, "eta_50": {"x": 185.54, "y": 75.37}, "npsh_2": {"x": 105.01, "y": 56.97}, "eta_60": {"x": 244.4, "y": 74.82}, "npsh_2.5": {"x": 123.52, "y": 52.88}, "npsh_3": {"x": 150.55, "y": 48.48}, "npsh_1.5": {"x": 275.4, "y": 47.89}, "eta_75_4": {"x": 107.66, "y": 71.86}, "npsh_4.5_5": {"x": 189.08, "y": 48.46}, "eta_75_5": {"x": 208.4, "y": 51.11}, "eta_78_7": {"x": 183.66, "y": 58.23}, "eta_30_0": {"x": 97.42, "y": 73.57}, "eta_78_6": {"x": 125.86, "y": 71.79}, "eff_\u00d8197 mm": {"x": 182.74, "y": 68.81}, "eff_\u00d8228 mm": {"x": 208.15, "y": 73.42}, "pow_\u00d8182 mm": {"x": 180.79, "y": 18.64}, "npsh_\u00d8182 mm": {"x": 171.29, "y": 2.81}, "eff_\u00d8213 mm": {"x": 197.03, "y": 71.03}, "eff_spd_3": {"x": 13.46, "y": 63.67}, "\u00d8182 mm": {"x": 173.59, "y": 29.12}, "eff_\u00d8182 mm": {"x": 166, "y": 69.32}, "eff_spd_0": {"x": 214.85, "y": 67.56}, "eff_spd_2": {"x": 113.72, "y": 66.44}, "eff_spd_1": {"x": 156.74, "y": 69.22}, "\u00d8213 mm (93%)": {"x": 209.41, "y": 40.29}, "\u00d8182 mm (80%)": {"x": 178.49, "y": 28.29}, "\u00d8197 mm (86%)": {"x": 194.83, "y": 34.03}, "pow_\u00d8182 mm (80%)": {"x": 176.36, "y": 18.67}, "pow_\u00d8197 mm (86%)": {"x": 207.68, "y": 22.82}, "pow_\u00d8228 mm (100%)": {"x": 229.75, "y": 38.36}, "eff_\u00d8228 mm (100%)": {"x": 210.92, "y": 73.82}, "eff_\u00d8213 mm (93%)": {"x": 197.14, "y": 70.45}, "eff_\u00d8197 mm (86%)": {"x": 180.04, "y": 68.97}, "eff_\u00d8182 mm (80%)": {"x": 171.32, "y": 67.69}, "spd_lbl_1": {"x": 164.27, "y": 22.72}, "spd_lbl_0": {"x": 213.59, "y": 45.65}, "npsh_4.5_3": {"x": 196.45, "y": 46.45}, "pow_spd_1": {"x": 168.05, "y": 16}, "pow_spd_2": {"x": 114.16, "y": 6}, "pow_spd_3": {"x": 66.53, "y": 0.67}, "npsh_spd_3": {"x": 62.35, "y": 0.21}, "npsh_spd_2": {"x": 115.81, "y": 1.12}, "npsh_\u00d8228 mm (100%)": {"x": 216.32, "y": 4.25}, "pow_spd_0": {"x": 162.61, "y": 34.67}, "pow_dia_0": {"x": 217.33, "y": 37.56}, "eff_dia_3": {"x": 167.83, "y": 66.83}, "pow_dia_3": {"x": 178.88, "y": 18}, "pow_dia_2": {"x": 193.93, "y": 24.44}, "spd_lbl_2": {"x": 111.64, "y": 6.96}, "dia_lbl_3": {"x": 132.67, "y": 30.43}, "dia_lbl_2": {"x": 187.67, "y": 35.79}, "dia_lbl_1": {"x": 199.37, "y": 40.32}, "eff_dia_2": {"x": 181.94, "y": 69.06}, "eff_dia_1": {"x": 197.35, "y": 72.11}, "eff_dia_0": {"x": 210.28, "y": 73.78}, "eta_40_left": {"x": 38.09, "y": 74.45}, "eta_30_left": {"x": 25.56, "y": 73.92}, "eta_50_left": {"x": 53.57, "y": 75.52}, "eta_60_left": {"x": 73.62, "y": 74.99}, "eta_75_left": {"x": 107.03, "y": 73.92}, "dia_lbl_0": {"x": 214.42, "y": 47.52}, "eta_75_right": {"x": 208.91, "y": 52.59}, "spd_lbl_3": {"x": 64.84, "y": 1.92}, "pow_30_4": {"x": 150.08, "y": 59.23}, "pow_20_2": {"x": 85.32, "y": 61.63}, "npsh_2.5_1": {"x": 140.04, "y": 52.03}, "npsh_3.5_2": {"x": 175.57, "y": 43.49}, "npsh_spd_1": {"x": 160.92, "y": 2.34}, "npsh_spd_0": {"x": 157.18, "y": 3.26}, "npsh_dia_0": {"x": 209.45, "y": 4.56}, "npsh_dia_1": {"x": 196.92, "y": 3.97}, "npsh_dia_2": {"x": 181.87, "y": 3.41}, "npsh_dia_3": {"x": 167.47, "y": 2.91}, "pow_dia_1": {"x": 206.46, "y": 29.33}, "pow_15_1": {"x": 56.48, "y": 56.29}, "pow_35_3": {"x": 185.18, "y": 50.72}, "eta_78_right": {"x": 183.49, "y": 60.59}, "eta_78_left": {"x": 127.08, "y": 72.32}, "pow_10_0": {"x": 31.43, "y": 48.83}, "npsh_1.5_0": {"x": 80.32, "y": 47.36}, "\u00d8228 mm (100%)": {"x": 226.4, "y": 45.63}, "pow_\u00d8197 mm": {"x": 195.19, "y": 24.64}, "pow_\u00d8213 mm": {"x": 205.63, "y": 30.42}, "pow_\u00d8228 mm": {"x": 213.59, "y": 36.64}, "npsh_\u00d8197 mm": {"x": 184.43, "y": 3.46}, "npsh_\u00d8213 mm": {"x": 198.18, "y": 3.98}, "npsh_\u00d8228 mm": {"x": 211.68, "y": 4.54}, "eff_750 RPM (26%)": {"x": 22.21, "y": 65.33}, "eff_1450 RPM (50%)": {"x": 109.12, "y": 68.11}, "eff_2100 RPM (72%)": {"x": 165.24, "y": 72.39}, "eff_2900 RPM (100%)": {"x": 208.87, "y": 66.56}, "750 RPM (26%)": {"x": 74.27, "y": 2.85}, "1450 RPM (50%)": {"x": 121.25, "y": 10.56}, "2100 RPM (72%)": {"x": 165.28, "y": 34.35}, "2900 RPM (100%)": {"x": 223.02, "y": 45.03}, "pow_1450 RPM (50%)": {"x": 125.03, "y": 4.04}, "pow_2100 RPM (72%)": {"x": 152.28, "y": 13.46}, "pow_2900 RPM (100%)": {"x": 225.61, "y": 35.97}, "pow_\u00d8213 mm (93%)": {"x": 217.76, "y": 29.4}, "npsh_\u00d8182 mm (80%)": {"x": 158.8, "y": 2.11}, "npsh_\u00d8197 mm (86%)": {"x": 186.59, "y": 3}, "npsh_\u00d8213 mm (93%)": {"x": 192.35, "y": 3.69}, "1000 RPM (34%)": {"x": 94.93, "y": 3.76}, "eff_1000 RPM (34%)": {"x": 27.25, "y": 65.28}, "eff_2000 RPM (69%)": {"x": 140.87, "y": 67.5}, "pow_1000 RPM (34%)": {"x": 97.02, "y": 2.64}, "pow_2000 RPM (69%)": {"x": 159.26, "y": 11.76}, "npsh_1000 RPM (34%)": {"x": 91.22, "y": 0.56}, "npsh_2900 RPM (100%)": {"x": 243.43, "y": 4.54}, "npsh_2000 RPM (69%)": {"x": 179.57, "y": 2.2}} | BT9: MainCurve;Curve 2 | BU9: 228.0;mm|182;mm | BV9: #58a6ff;#127ef3 | BW9: fit;affinity | BX9: ls,m,m,kw|ls,m,m,kw | BY9: 0,70,0,2.41,12.0;13.05,70.79,48,2.41,18.88;26.1,70.25,70.1,2.41,25.66;34.8,67.5,77.4,2.45,29.77;43.5,62.2,80.3,2.8,33.05;52.2,54,78,3.8,35.45;56.55,48.6,74,5,36.43|0,41.27,0,2.41,6.5;10.2,41.74,44.82,2.41,9.32;20.04,41.42,65.45,2.41,12.44;26.72,39.8,72.27,2.45,14.44;33.4,36.67,74.98,2.8,16.02;40.08,31.84,72.83,3.8,17.19;43.42,28.66,69.09,5,17.67 | BZ9: 69.996949,0.00501678,0.0005897238,-7.466356e-06,9.4089e-09,0,0.368878,1.26136189,-0.0062642612,9.167406e-06,0,0,2.614652,-0.01680064,0.0001301316,0,0,0,11.9889,0.143352,0.00014407,-1.2772e-06,0,0,203.58,150.34|41.268237,0.00332502,0.0006080229,-0.000009913106,0,0,0,0,0,0,0,0,0,0,0,0,0,0,0,0,0,0,0,0,0,0 | CA9: ls | CB9: m | CC9: m | CD9: kw | CE9: m3h | CI9: 5 | CL9: mm | CM9: mm | CN9: 0 | CO9: mm | CP9: 0 | CQ9: bar | CR9: 0 | CS9: degC | CV9: 0 | CW9: 1 | CX9: 0 | CY9: 0 | CZ9: 0 | DA9: 0 | DB9: 0 | DC9: 1 | DD9: 0 | DE9: 0 | DF9: 0 | DG9: 30 | DH9: 60 | DI9: Closed | DJ9: ISO | DK9: 5 | DM9: Metal | EM9: #b0788e;1.5,solid | EN9: #b2ba40;1.5,dot | EO9: #f85149;1.5,longdash | EP9: #55918c;1.5,dashdot | EQ9: graph | ER9: 0 | ES9: 60 | ET9: 6 | EU9: 5 | EV9: 0 | EW9: 80 | EX9: 4 | EY9: 6 | EZ9: 0 | FA9: 80 | FB9: 4 | FC9: 2 | FD9: 0 | FE9: 40 | FF9: 4 | FG9: 2 | FH9: 0 | FI9: 5 | FJ9: 5 | FK9: 2 | FL9: 2 | FM9: 4 | FN9: 3 | FO9: 2 | FP9: 3 | FQ9: 46221.44 | FR9: 46267.826
A10: 23 | B10: 2 | C10: VS150S-METAL | D10: SPSA | E10: VS150 | G10: 1000 | H10: 480 | I10: all | J10: variable_speed | L10: 37.302156 | M10: 0.00294195 | N10: -5.55862e-05 | O10: 3.1747e-08 | P10: 0 | Q10: 0 | R10: 2.213968 | S10: 0.23673272 | T10: -0.0002502779 | U10: 0 | V10: 0 | W10: 0 | X10: 0 | Y10: 0 | Z10: 0 | AA10: 0 | AB10: 0 | AC10: 0 | AD10: 36.0275 | AE10: 0.043395 | AF10: 8.859e-05 | AG10: -6.66e-08 | AH10: 0 | AI10: 0 | AJ10: 0 | AK10: 651.6 | AL10: 472.57 | AM10: 1 | AN10: 1 | AO10: 1 | AP10: centrifugal | AS10: [] | AT10: 1 | AU10: 20;30;40;45;50;52 | AV10: 1 | AW10: 10;20;30;40;50;60;70;80 | AX10: 0 | AZ10: 0 | BA10: y2 | BB10: 0 | BD10: 1 | BE10: 1000;900;800;700;600;500 | BF10: 0 | BG10: 480;320;240;180 | BH10: 1 | BI10: 1 | BJ10: 1 | BK10: 1 | BL10: 0 | BM10: 0 | BN10: fit | BO10: NULL | BP10: 1 | BQ10: 1 | BR10: {"unit_max_imp": "mm", "graph_unit_q": "ls", "graph_unit_h": "m", "graph_unit_npsh": "m", "graph_unit_pow": "kw", "legend_mode": "curve_labels", "custom_label_pos": {"spd_lbl_3": {"x": 140.85555555555555, "y": 11.76}, "eff_\u00d8900 mm": {"x": 586.44, "y": 48.71}, "pow_500 RPM": {"x": 367.02, "y": 9.72}, "eff_\u00d8500 mm": {"x": 325.8, "y": 46.21}, "eff_\u00d8600 mm": {"x": 409.76, "y": 60.71}, "spd_lbl_2": {"x": 160.62, "y": 14.87}, "500 RPM": {"x": 374.08, "y": 4.8}, "eff_spd_2": {"x": 150.85, "y": 47.85}, "eff_600 RPM": {"x": 389.3, "y": 47.06}, "eff_spd_3": {"x": 132.33, "y": 48.68}, "eff_500 RPM": {"x": 328.14, "y": 44.11}, "pow_700 RPM": {"x": 514.08, "y": 25.29}, "spd_lbl_0": {"x": 206.54, "y": 23.87}, "pow_800 RPM": {"x": 581.36, "y": 39.46}, "spd_lbl_1": {"x": 170.17, "y": 19.87}, "eff_spd_8": {"x": 436.58, "y": 54.62}, "spd_lbl_8": {"x": 345.08, "y": 6.54}, "eff_spd_6": {"x": 509.99, "y": 48.32}, "eff_spd_1": {"x": 167.62, "y": 48.4}, "spd_lbl_5": {"x": 105.23888888888891, "y": 4.6}, "spd_lbl_4": {"x": 124.4, "y": 7.84}, "pow_70_6": {"x": 545.36, "y": 25.1}, "eff_spd_0": {"x": 188.23, "y": 48.26}, "eff_spd_4": {"x": 111.36, "y": 48.82}, "pow_spd_1": {"x": 166.86, "y": 60.1}, "pow_spd_2": {"x": 156.24, "y": 43.02}, "pow_spd_3": {"x": 140.31, "y": 31.3}, "pow_spd_0": {"x": 195.68, "y": 81.25}, "pow_spd_4": {"x": 122.62, "y": 19.58}, "pow_spd_5": {"x": 99.62, "y": 7.37}, "eta_50_left": {"x": 296.95, "y": 35.53}, "eta_40_left": {"x": 210.44, "y": 37.95}, "eff_spd_5": {"x": 314.1, "y": 48.82}, "dia_lbl_1": {"x": 164.82222222222225, "y": 16.54}, "dia_lbl_2": {"x": 109.06666666666668, "y": 5.49}, "eta_45_left": {"x": 257.4, "y": 37.28}, "eta_50_6": {"x": 298.8, "y": 36.31}, "eta_52_7": {"x": 194.52222222222224, "y": 26.78}, "eta_30_left": {"x": 146.28, "y": 38.36}, "dia_lbl_3": {"x": 446.87, "y": 2.58}, "eta_20_left": {"x": 94.96, "y": 38.49}, "dia_lbl_0": {"x": 197.66666666666669, "y": 22.7}, "eff_dia_3": {"x": 102.34, "y": 52.17}, "eff_dia_2": {"x": 94.24722222222223, "y": 47.17}, "eff_dia_1": {"x": 125.40555555555557, "y": 43.83}, "eff_dia_0": {"x": 188.07222222222222, "y": 43.28}, "pow_dia_1": {"x": 133.45555555555558, "y": 23.58}, "pow_dia_0": {"x": 148.86111111111111, "y": 76.31}, "pow_dia_2": {"x": 105.10000000000001, "y": 11.38}, "pow_50_4": {"x": 413.93, "y": 25.2}, "pow_80_7": {"x": 638.03, "y": 22.85}, "pow_dia_3": {"x": 282.65, "y": 5.52}, "eta_40_right": {"x": 312.9, "y": 5.22}, "eta_52_left": {"x": 329.47, "y": 35.1}, "eta_52_right": {"x": 649.58, "y": 26.87}, "pow_20_1": {"x": 297.72, "y": 13.79}, "pow_40_3": {"x": 365.54, "y": 22.27}, "eta_45_right": {"x": 502.49, "y": 14.03}, "pow_30_2": {"x": 332.64, "y": 17.52}, "eta_50_right": {"x": 625.39, "y": 27.7}, "pow_10_0": {"x": 227.56, "y": 9.69}, "pow_600 RPM": {"x": 436.32, "y": 18.02}, "pow_900 RPM": {"x": 646.27, "y": 60.35}, "pow_1000 RPM": {"x": 711.79, "y": 89.74}, "undefined RPM": {"x": 174.89, "y": 20.17}, "1000 RPM": {"x": 710.24, "y": 23.52}, "600 RPM": {"x": 433.01, "y": 7.75}, "700 RPM": {"x": 490.54, "y": 10.85}, "800 RPM": {"x": 557.32, "y": 14.93}, "900 RPM": {"x": 625.39, "y": 19.18}, "eff_900 RPM": {"x": 588.71, "y": 44}, "eff_1000 RPM": {"x": 668.52, "y": 47}, "eff_700 RPM": {"x": 456.95, "y": 45.94}, "eff_800 RPM": {"x": 514.04, "y": 43.5}, "eff_500 RPM (50%)": {"x": 93.63, "y": 48.61}, "eff_600 RPM (60%)": {"x": 110.82, "y": 48.89}, "eff_700 RPM (70%)": {"x": 127.85, "y": 48.47}, "eff_800 RPM (80%)": {"x": 147.08, "y": 47.78}, "eff_900 RPM (90%)": {"x": 165.85, "y": 48.33}, "eff_1000 RPM (100%)": {"x": 182.36, "y": 48.75}, "pow_500 RPM (50%)": {"x": 100.59, "y": 14.11}, "pow_60_5": {"x": 444.85, "y": 27.87}, "\u00d8240 mm (50%)": {"x": 387.18, "y": 5.25}, "\u00d8180 mm (38%)": {"x": 302.47, "y": 2.45}, "\u00d8320 mm (67%)": {"x": 489.06, "y": 10.12}, "\u00d8480 mm (100%)": {"x": 695.66, "y": 24.13}, "eff_\u00d8180 mm (38%)": {"x": 64.12, "y": 48.11}, "eff_\u00d8240 mm (50%)": {"x": 324.14, "y": 42.56}, "eff_\u00d8320 mm (67%)": {"x": 440.1, "y": 43.67}, "eff_\u00d8480 mm (100%)": {"x": 653.11, "y": 42.78}, "pow_\u00d8480 mm (100%)": {"x": 720.14, "y": 85.35}, "pow_\u00d8320 mm (67%)": {"x": 470.05, "y": 22.85}, "pow_\u00d8180 mm (38%)": {"x": 311.54, "y": 3.91}, "pow_\u00d8240 mm (50%)": {"x": 387.18, "y": 11.57}}, "label_format": "simple"} | BS10: {"spd_lbl_3": {"x": 140.85555555555555, "y": 11.76}, "eff_\u00d8900 mm": {"x": 586.44, "y": 48.71}, "pow_500 RPM": {"x": 367.02, "y": 9.72}, "eff_\u00d8500 mm": {"x": 325.8, "y": 46.21}, "eff_\u00d8600 mm": {"x": 409.76, "y": 60.71}, "spd_lbl_2": {"x": 160.62, "y": 14.87}, "500 RPM": {"x": 374.08, "y": 4.8}, "eff_spd_2": {"x": 150.85, "y": 47.85}, "eff_600 RPM": {"x": 389.3, "y": 47.06}, "eff_spd_3": {"x": 132.33, "y": 48.68}, "eff_500 RPM": {"x": 328.14, "y": 44.11}, "pow_700 RPM": {"x": 514.08, "y": 25.29}, "spd_lbl_0": {"x": 206.54, "y": 23.87}, "pow_800 RPM": {"x": 581.36, "y": 39.46}, "spd_lbl_1": {"x": 170.17, "y": 19.87}, "eff_spd_8": {"x": 436.58, "y": 54.62}, "spd_lbl_8": {"x": 345.08, "y": 6.54}, "eff_spd_6": {"x": 509.99, "y": 48.32}, "eff_spd_1": {"x": 167.62, "y": 48.4}, "spd_lbl_5": {"x": 105.23888888888891, "y": 4.6}, "spd_lbl_4": {"x": 124.4, "y": 7.84}, "pow_70_6": {"x": 545.36, "y": 25.1}, "eff_spd_0": {"x": 188.23, "y": 48.26}, "eff_spd_4": {"x": 111.36, "y": 48.82}, "pow_spd_1": {"x": 166.86, "y": 60.1}, "pow_spd_2": {"x": 156.24, "y": 43.02}, "pow_spd_3": {"x": 140.31, "y": 31.3}, "pow_spd_0": {"x": 195.68, "y": 81.25}, "pow_spd_4": {"x": 122.62, "y": 19.58}, "pow_spd_5": {"x": 99.62, "y": 7.37}, "eta_50_left": {"x": 296.95, "y": 35.53}, "eta_40_left": {"x": 210.44, "y": 37.95}, "eff_spd_5": {"x": 314.1, "y": 48.82}, "dia_lbl_1": {"x": 164.82222222222225, "y": 16.54}, "dia_lbl_2": {"x": 109.06666666666668, "y": 5.49}, "eta_45_left": {"x": 257.4, "y": 37.28}, "eta_50_6": {"x": 298.8, "y": 36.31}, "eta_52_7": {"x": 194.52222222222224, "y": 26.78}, "eta_30_left": {"x": 146.28, "y": 38.36}, "dia_lbl_3": {"x": 446.87, "y": 2.58}, "eta_20_left": {"x": 94.96, "y": 38.49}, "dia_lbl_0": {"x": 197.66666666666669, "y": 22.7}, "eff_dia_3": {"x": 102.34, "y": 52.17}, "eff_dia_2": {"x": 94.24722222222223, "y": 47.17}, "eff_dia_1": {"x": 125.40555555555557, "y": 43.83}, "eff_dia_0": {"x": 188.07222222222222, "y": 43.28}, "pow_dia_1": {"x": 133.45555555555558, "y": 23.58}, "pow_dia_0": {"x": 148.86111111111111, "y": 76.31}, "pow_dia_2": {"x": 105.10000000000001, "y": 11.38}, "pow_50_4": {"x": 413.93, "y": 25.2}, "pow_80_7": {"x": 638.03, "y": 22.85}, "pow_dia_3": {"x": 282.65, "y": 5.52}, "eta_40_right": {"x": 312.9, "y": 5.22}, "eta_52_left": {"x": 329.47, "y": 35.1}, "eta_52_right": {"x": 649.58, "y": 26.87}, "pow_20_1": {"x": 297.72, "y": 13.79}, "pow_40_3": {"x": 365.54, "y": 22.27}, "eta_45_right": {"x": 502.49, "y": 14.03}, "pow_30_2": {"x": 332.64, "y": 17.52}, "eta_50_right": {"x": 625.39, "y": 27.7}, "pow_10_0": {"x": 227.56, "y": 9.69}, "pow_600 RPM": {"x": 436.32, "y": 18.02}, "pow_900 RPM": {"x": 646.27, "y": 60.35}, "pow_1000 RPM": {"x": 711.79, "y": 89.74}, "undefined RPM": {"x": 174.89, "y": 20.17}, "1000 RPM": {"x": 710.24, "y": 23.52}, "600 RPM": {"x": 433.01, "y": 7.75}, "700 RPM": {"x": 490.54, "y": 10.85}, "800 RPM": {"x": 557.32, "y": 14.93}, "900 RPM": {"x": 625.39, "y": 19.18}, "eff_900 RPM": {"x": 588.71, "y": 44}, "eff_1000 RPM": {"x": 668.52, "y": 47}, "eff_700 RPM": {"x": 456.95, "y": 45.94}, "eff_800 RPM": {"x": 514.04, "y": 43.5}, "eff_500 RPM (50%)": {"x": 93.63, "y": 48.61}, "eff_600 RPM (60%)": {"x": 110.82, "y": 48.89}, "eff_700 RPM (70%)": {"x": 127.85, "y": 48.47}, "eff_800 RPM (80%)": {"x": 147.08, "y": 47.78}, "eff_900 RPM (90%)": {"x": 165.85, "y": 48.33}, "eff_1000 RPM (100%)": {"x": 182.36, "y": 48.75}, "pow_500 RPM (50%)": {"x": 100.59, "y": 14.11}, "pow_60_5": {"x": 444.85, "y": 27.87}, "\u00d8240 mm (50%)": {"x": 387.18, "y": 5.25}, "\u00d8180 mm (38%)": {"x": 302.47, "y": 2.45}, "\u00d8320 mm (67%)": {"x": 489.06, "y": 10.12}, "\u00d8480 mm (100%)": {"x": 695.66, "y": 24.13}, "eff_\u00d8180 mm (38%)": {"x": 64.12, "y": 48.11}, "eff_\u00d8240 mm (50%)": {"x": 324.14, "y": 42.56}, "eff_\u00d8320 mm (67%)": {"x": 440.1, "y": 43.67}, "eff_\u00d8480 mm (100%)": {"x": 653.11, "y": 42.78}, "pow_\u00d8480 mm (100%)": {"x": 720.14, "y": 85.35}, "pow_\u00d8320 mm (67%)": {"x": 470.05, "y": 22.85}, "pow_\u00d8180 mm (38%)": {"x": 311.54, "y": 3.91}, "pow_\u00d8240 mm (50%)": {"x": 387.18, "y": 11.57}} | BT10: 150SP | BU10: 1000.0;rpm | BV10: #58a6ff | BW10: fit | BX10: ls,m,m,kw | BY10: 0,37.3,0,0,;22,37.2,20,0,40.14;35.2,36.86,30,0,42.43;54,36,40,0,47.68;65,35.35,45,0,50.09;82,34.15,50,0,54.94;90.5,33.45,52,0,57.11;135.5,29.2,55,0,70.57;181,24.4,51.89,0,83.49 | BZ10: 37.302156,0.00294195,-5.55862e-05,3.1747e-08,0,0,2.213968,0.23673272,-0.0002502779,0,0,0,0.0,0.0,0.0,0,0,0,36.0275,0.043395,8.859e-05,-6.66e-08,0,0,651.60,472.57 | CA10: ls | CB10: m | CC10: m | CD10: kw | CE10: m3h | CI10: 5 | CL10: mm | CM10: mm | CN10: 0 | CO10: mm | CP10: 0 | CQ10: bar | CR10: 0 | CS10: degC | CV10: 0 | CW10: 1 | CX10: 0 | CY10: 0 | CZ10: 0 | DA10: 0 | DB10: 0 | DC10: 1 | DD10: 0 | DE10: 0 | DF10: 0 | DG10: 30 | DH10: 60 | DI10: Open | DJ10: API 610 | DK10: 3 | DM10: Metal | EM10: #ff57b9;2,solid | EN10: #3fb950;1.5,dot | EO10: #f85149;1.5,longdash | EP10: #39d3c0;1.5,dashdot | EQ10: graph | ER10: NULL | ES10: NULL | ET10: NULL | EU10: NULL | EV10: NULL | EW10: NULL | EX10: NULL | EY10: NULL | EZ10: NULL | FA10: NULL | FB10: NULL | FC10: NULL | FD10: NULL | FE10: NULL | FF10: NULL | FG10: NULL | FH10: NULL | FI10: NULL | FJ10: NULL | FK10: NULL | FL10: 3 | FM10: 3 | FN10: 2 | FO10: 2 | FP10: 3 | FQ10: 46234.784 | FR10: 46268.714
CQ12: bar
D13: =PumpOG!B2 -> SPSA | E13: =PumpOG!A2 -> 2 AF-M | F13: =[1]Sheet1!$B$2 -> SPSA | G13: =[1]Sheet1!$BU$2 -> 1800 | H13: =[1]Sheet1!$BV$2 -> 228 | L13: =[1]Sheet1!$CB$2 -> 30.15 | AQ13: =[1]Sheet1!$C$2 -> SLURRY | AU13: =[1]Sheet1!$IV$2 -> 20;30;40;45;47; | BT13: =PumpOG!$BY2 -> 2 AF-M | BY13: {=BuildCurveRawTable(E13)} -> 30.15,0,0,,;29.95,2.6,20,,;29.5,4.5,30,,;28.35,7.25,40,,;27,9.6,45,,;25,12,47,,;22.8,14.2,45,,
C14: =PumpOG!B3 -> SPSA | D14: =PumpOG!B3 -> SPSA | E14: =PumpOG!A3 -> 3 AF-M | BT14: =PumpOG!$BY3 -> 3 AF-M | BY14: {=BuildCurveRawTable(E14)} -> 29.5,0,0,,;28.9,6.3,20,,;28.5,10.35,30,,;27.9,15,40,,;26.8,22.2,50,,;25.5,28.6,55,,;23.8,35.1,57,,;22.5,40,55,,
C15: =PumpOG!B4 -> SPSA | D15: =PumpOG!B4 -> SPSA | E15: =PumpOG!A4 -> 4 AF-M | BT15: =PumpOG!$BY4 -> 4 AF-M | BY15: {=BuildCurveRawTable(E15)} -> 29.5,0,0,,;28.8,7,20,,;28.6,12.2,30,,;28.2,19.1,40,,;27.45,27.8,50,,;26.45,36,55,,;23.7,52,58,,;21.3,62,55,,
C16: =PumpOG!B5 -> SPSA | D16: =PumpOG!B5 -> SPSA | E16: =PumpOG!A5 -> 6 AF-M | BT16: =PumpOG!$BY5 -> 6 AF-M | BY16: {=BuildCurveRawTable(E16)} -> 25.18,0,0,,;25.27,20,20,,;25.1,33,30,,;24.6,47.7,40,,;24.15,58.3,45,,;23.3,72.7,50,,;21.76,93.3,55,,;20,109,56,,;18.25,124,55,,
C17: =PumpOG!B6 -> SPSA | D17: =PumpOG!B6 -> SPSA | E17: =PumpOG!A6 -> 20/18-HDM450G-RUBBER | BT17: =PumpOG!$BY6 -> 20/18-HDM450G-RUBBER;20/18-HDM450G-RUBBER;20/18-HDM450G-RUBBER | BY17: {=BuildCurveRawTable(E17)} -> 14.9,0,0,0.9,;14.9,115.3,40,0.9,;14.8,167.4,50,0.9,;14.7,252.9,60,1.1,;14.3,334.7,70,1.2,;13.9,416.5,75,1.4,;13,576.4,80,1.9,;11.9,728.9,82,2.6,;10.6,911.2,80,3.4,|28,0,0,0,;28.1,171.1,40,0,;28,245.5,50,0,;27.7,342.1,60,0,;27,461.2,70,0,;26.2,569,75,0,;24.6,773.6,80,0,;22.3,1012,82,0,;19.8,1253,80,0,|45.4,0,0,2.6,;45.4,219.4,40,2.6,;45.2,316.1,50,2.7,;44.7,431.4,60,3,;43.7,587.6,70,3.5,;42.6,721.5,75,4.1,;39.8,974.4,80,5.5,;35.9,1298,82,7.7,;32.1,1603,80,10.1,
C18: =PumpOG!B7 -> SPSA | D18: =PumpOG!B7 -> SPSA | E18: =PumpOG!A7 -> 10 AHF-M | BT18: =PumpOG!$BY7 -> 10 AHF-M | BY18: {=BuildCurveRawTable(E18)} -> 73,0,0,2.5,;73.13,130,40,2.5,;73.1,180,50,3,;72.6,251,60,4,;71.25,362,70,5,;68.5,459,75,6,;62,620,78,8,;54.2,750,75,11,
C19: =PumpOG!B8 -> SPSA | D19: =PumpOG!B8 -> SPSA | E19: =PumpOG!A8 -> 2 AHF-M | BT19: =PumpOG!$BY8 -> 2 AHF-M | BY19: {=BuildCurveRawTable(E19)} -> 57,0,0,1.6,;56.95,6.1,20,1.6,;56.5,10,30,2.15,;56.1,12.4,35,2.5,;55.6,15,40,2.85,;54.9,18,45,3.34,;54,21.5,50,4,;52.5,27,55,6.6,;50.8,33.25,57,,;48.5,39.8,55,,
C20: =PumpOG!B9 -> SPSA | D20: =PumpOG!B9 -> SPSA | E20: =PumpOG!A9 -> 3 AHF-M | BT20: =PumpOG!$BY9 -> 3 AHF-M | BY20: {=BuildCurveRawTable(E20)} -> 52.8,0,0,1.1,;53.3,10,20,1.1,;53.5,16.3,30,1.9,;53.5,24.4,40,2.55,;53.3,29,45,2.9,;53,34,50,3.4,;52.5,40.8,55,4,;51.3,50.2,60,4.9,;49,62.3,62,,;46.8,73.1,60,,;44.4,85,55,,
C21: =PumpOG!B10 -> SPSA | D21: =PumpOG!B10 -> SPSA | E21: =PumpOG!A10 -> 4 AHF-M | BT21: =PumpOG!$BY10 -> 4 AHF-M | BY21: {=BuildCurveRawTable(E21)} -> 68.8,0,0,1.8,;66.8,15.5,20,1.8,;66.05,24.4,30,2.07,;65.5,37.6,40,2.3,;64.8,50,50,2.7,;64,73.5,60,3.6,;63.2,91,64,4.7,;60.8,114.3,66,5.9,;56.9,136.2,64,,
C22: =PumpOG!B11 -> SPSA | D22: =PumpOG!B11 -> SPSA | E22: =PumpOG!A11 -> 6 AHF-M | BT22: =PumpOG!$BY11 -> 6 AHF-M | BY22: {=BuildCurveRawTable(E22)} -> 60.8,0,0,2.8,;62.05,60,30,2.8,;62.15,90,40,3,;62.15,137.5,50,3.49,;62,171,55,3.85,;61.3,215,60,4.8,;59.9,270.5,62,6,;56,317,63.5,8,;49.2,360,62,,;44.8,376,60,,
C23: =PumpOG!B12 -> SPSA | D23: =PumpOG!B12 -> SPSA | E23: =PumpOG!A12 -> 8 AHF-M | BT23: =PumpOG!$BY12 -> 8 AHF-M | BY23: {=BuildCurveRawTable(E23)} -> 62.2,0,0,2.5,;62.2,100,40,2.5,;62,140,50,3,;61.3,198,60,4,;60.6,245,65,5,;58.3,335,70,6,;55,415,71.5,8,;49.3,520,70,11,;42.7,620,65,0,
C24: =PumpOG!B13 -> SPSA | D24: =PumpOG!B13 -> SPSA | E24: =PumpOG!A13 -> AL20MG-460 | BT24: =PumpOG!$BY13 -> AL20MG-460;AL20MG-460;AL20MG-460 | BY24: {=BuildCurveRawTable(E24)} -> 14.1,0,0,1.2,;14.1,30.4,50,1.1,;13.3,43.4,60,1.1,;12.9,52.7,65,1.1,;12.5,63.8,69,1.2,;11.6,76.9,71,1.3,;11.6,93.6,71.5,1.6,;10,108.5,71,1.8,;8.7,124.6,68,2.2,|71.8,0,0,6,;70.6,68.8,50,5.9,;68.9,94.8,60,6,;67.2,114.7,65,5.7,;64.8,137.6,69,5.5,;62.3,157.4,73,5.7,;57.7,191.5,71.1,6.7,;53.1,222.5,71,8.2,;49,249.8,69,9.8,;46.5,260.3,68,10.5,|102.1,0,0,8.7,;99.2,81.8,50,8.5,;96.3,113.4,60,8.3,;93.8,135.7,65,7.9,;90.9,161.8,69,7.8,;88,182.9,71,8,;84.7,201.4,72,8.5,;81.4,221.3,72.4,9.1,;78,244.2,72,10.1,;74.3,264,71,11.2,;69.7,290.1,69,13.2,;67.7,300,68,13.9,
C25: =PumpOG!B14 -> SPSA | D25: =PumpOG!B14 -> SPSA | E25: =PumpOG!A14 -> 150 C5-M | BT25: =PumpOG!$BY14 -> 150 C5-M | BY25: {=BuildCurveRawTable(E25)} -> 118,0,0,2.5,;124,40,50,2.5,;124.5,59.8,60,2.5,;122.7,80,64,2.6,;120.5,92,66,2.8,;109.4,129.5,70,5.67,;89,169.5,66,10,;82.5,180,0,10,
... C162: =PumpOG!B151 -> SPSA | D162: =PumpOG!B151 -> SPSA | E162: =PumpOG!A151 -> 26/22-MD550TU-M | BT162: =PumpOG!$BY151 -> 26/22-MD550G-M;26/22-MD550G-M;26/22-MD550G-M | BY162: {=BuildCurveRawTable(E162)} -> 14.4,0,0,2.1,;14.5,377.2,60,2.3,;14.3,515,70,2.5,;14,664.7,78,2.5,;13.5,754.5,81,2.6,;12.9,880.2,84,2.9,;11.7,1096,86,3.2,;10.6,1281,84,3,;9.8,1401,80.9,3.3,|36.7,0,0,0,;37.1,616.8,60,0,;36.4,826.3,70,0,;35.2,1072,78,0,;34.4,1210,81,0,;33,1407,84,0,;30,1743,86,0,;27,2054,84,11.6,;25.2,2234,80.9,11.9,|51.8,0,0,8,;51.9,730.5,60,8.6,;51.2,982,70,9,;49.4,1270,78,9.5,;48.5,1443,81,10.1,;46.2,1677,84,10.5,;42.2,2066,86,11.4,;37.9,2437,84,12,;35.5,2653,80.9,12,

Sheet PumpOG
A1: INDEX_NO | B1: PumpFilter1 | C1: PumpFilter2 | D1: PumpFilter3 | E1: PumpFilter4 | F1: PumpFilter5 | G1: PumpFilter6 | H1: PumpFilter7 | I1: PumpFilter8 | J1: PumpFilter9 | K1: PumpFilter10 | L1: AltRange | M1: AltModel | N1: CURVES | O1: CURVES_E | P1: CURVES_NP | Q1: POINTS | R1: AVAILABLE | S1: BORE | T1: SHAFT | U1: ANGLE_TRIM | V1: COUPLING | W1: SLURRY | X1: MSTAGE | Y1: PER_STAGE | Z1: VARN | AA1: VARD | AB1: VAR | AC1: EFF | AD1: FULL_NP | AE1: IMP_IMP | AF1: MOTOR_IMP | AG1: NP_DOWN | AH1: UNIT_FLOW | AI1: CON_FLOW | AJ1: UNIT_HEAD | AK1: CON_HEAD | AL1: Q_MIN | AM1: Q_MAX | AN1: USER_EOC_MIN | AO1: USER_EOC_MAX | AP1: KW_MIN | AQ1: KW_MAX | AR1: HD_MAX | AS1: HD_MIN | AT1: MAX_EFF | AU1: MinAllow | AV1: MaxAllow | AW1: BEP_FLOW | AX1: BEP_HEAD | AY1: BEP_KW | AZ1: BEP_NP | BA1: SO_HEAD | BB1: SO_KW | BC1: NS | BD1: NSS | BE1: B_DIAM | BF1: EFF1 | BG1: EFF2 | BH1: EFF3 | BI1: MIN_IMP | BJ1: MAX_IMP | BK1: IMP_TRACKWIDTH | BL1: IMP_EYEDIAM | BM1: MIN_SPEED | BN1: MAX_SPEED | BO1: MIN_STAGES | BP1: MAX_STAGES | BQ1: MIN_TEMP | BR1: MAX_TEMP | BS1: MIN_VISC | BT1: MAX_VISC | BU1: N_TEST | BV1: D_TEST | BW1: N_GRAPH | BX1: MTF_FLOW | BY1: M_NAME | BZ1: M_KWM | CA1: M_IMP | CB1: M_HEAD0 | CC1: M_FLOW0 | CD1: M_FLOWMIN | CE1: M_HEAD | CF1: M_KW | CG1: M_FLOW | CI1: M_NP | CK1: M_COQ | CL1: M_COH | CM1: M_COE | CN1: M_CON | CO1: M_SO_KW | CP1: NEW_VER | CQ1: MAX_STG2 | CR1: MAX_SOLID | CS1: D_PIPE | CT1: CURVE_NO | CU1: FRAME | CV1: EXPEL1 | CW1: EXPEL2 | CX1: MAXP_W | CY1: MAXP_S | CZ1: PRESS_FACT | DA1: MAXP_BEARING | DB1: PDF_NAME | DC1: PD | DD1: VISC | DE1: ExternalNotes | DF1: InternalNotes | DG1: DesignerNotes | DH1: WarningNotes | DI1: PumpExtra0 | DJ1: PumpExtra1 | DK1: PumpExtra2 | DL1: PumpExtra3 | DM1: PumpExtra4 | DN1: PumpExtra5 | DO1: PumpExtra6 | DP1: PumpExtra7 | DQ1: PumpExtra8 | DR1: PumpExtra9 | DS1: PumpExtra10 | DT1: PumpExtra11 | DU1: PumpExtra12 | DV1: PumpExtra13 | DW1: PumpExtra14 | DX1: PumpExtra15 | DY1: PumpExtra16 | DZ1: PumpExtra17 | EA1: PumpExtra18 | EB1: PumpExtra19 | EC1: PumpExtra20 | ED1: PumpExtra21 | EE1: PumpExtra22 | EF1: PumpExtra23 | EG1: PumpExtra24 | EH1: PumpExtra25 | EI1: PumpExtra26 | EJ1: PumpExtra27 | EK1: PumpExtra28 | EL1: PumpExtra29 | EM1: PumpExtra30 | EN1: PumpExtra31 | EO1: PumpExtra32 | EP1: PumpExtra33 | EQ1: PumpExtra34 | ER1: PumpExtra35 | ES1: PumpExtra36 | ET1: PumpExtra37 | EU1: PumpExtra38 | EV1: PumpExtra39 | EW1: M_COISO | EX1: M_INCISO | EY1: M_TOPISO | EZ1: M_BOTISO | FA1: Polynomial | FB1: M_EFF | FC1: M_DIAM | FD1: M_MULTI | FE1: M_PLOT | FF1: X_MIN | FG1: X_MAX | FH1: X_INT | FI1: X_1 | FJ1: X_2 | FK1: H_MIN | FL1: H_MAX | FM1: H_INT | FN1: H_1 | FO1: H_2 | FP1: E_MIN | FQ1: E_MAX | FR1: E_INT | FS1: E_1 | FT1: E_2 | FU1: KW_MIN1 | FV1: KW_MAX1 | FW1: KW_1 | FX1: KW_2 | FY1: KW_INT | FZ1: NP_MIN | GA1: NP_MAX | GB1: NP_INT | GC1: NP_1 | GD1: NP_2 | GE1: N_MIN | GF1: N_MAX | GG1: N_INT | GH1: CURVE_CREATED_DATE | GI1: CURVE_REV_DETAILS | GJ1: CREATED_BY | GK1: UPDATED_BY | GL1: BUILD_DESIGNATION | GM1: CASING_MOUNTING | GN1: SUCT_DIAM | GO1: DIS_DIAM | GP1: MAX_CW | GQ1: CURVE_REV | GR1: CURVE_DATE | GS1: Image | GT1: GA | GU1: DesignNotes | GV1: CON_KW | GW1: M_KW0 | GX1: M_KW1 | GY1: M_NP1 | GZ1: ORDER1 | HA1: ORDER2 | HB1: ORDER3 | HC1: ORDER4 | HD1: M_LABEL | HE1: M_LINE | HF1: M_KWISO | HG1: M_NPISO | HH1: MIN_ORFD | HI1: MAX_ORFD | HJ1: QMIN_HEAD | HK1: 120BEP_HEAD | HL1: 120BEP_KW | HM1: CURVE_APPROVED_BY | HN1: CURVE_APPROVED_DATE | HO1: PumpExtra40 | HP1: PumpExtra41 | HQ1: PumpExtra42 | HR1: PumpExtra43 | HS1: PumpExtra44 | HT1: PumpExtra45 | HU1: PumpExtra46 | HV1: PumpExtra47 | HW1: PumpExtra48 | HX1: PumpExtra49 | HY1: PumpExtra50 | HZ1: PumpExtra51 | IA1: PumpExtra52 | IB1: PumpExtra53 | IC1: PumpExtra54 | ID1: PumpExtra55 | IE1: PumpExtra56 | IF1: PumpExtra57 | IG1: PumpExtra58 | IH1: PumpExtra59 | II1: PumpExtra60 | IJ1: PumpExtra61 | IK1: PumpExtra62 | IL1: PumpExtra63 | IM1: PumpExtra64 | IN1: PumpExtra65 | IO1: PumpExtra66 | IP1: PumpExtra67 | IQ1: PumpExtra68 | IR1: PumpExtra69 | IS1: MAX_EFF_DB | IT1: BEP_FLOW_DB | IU1: BEP_HEAD_DB | IV1: BEP_KW_DB | IW1: BEP_NP_DB | IX1: M_EFFISO | IY1: ISO_ERROR | IZ1: ISO_MULTIPLIER | JA1: ISO_TOP | JB1: ISO_BOT | JC1: UNIT_PRESSURE | JD1: M_SPEED | JE1: M_CAL | JF1: M_GRAPH_MODE | JG1: M_GRAPH_IMG_PATH | JH1: OrfBEP | JI1: DBL_SUCTION | JJ1: SELF_PRIMING | JK1: BEOC_KW | JL1: BEOC_NP | JM1: BEP_CURVENO
A2: 2 AF-M | B2: SPSA | C2: SLURRY | D2: OPEN | E2: AF | F2: METAL | G2: 5 | H2: WPG2AF31 | I2: WARMAN | J2: N/A | L2: AF | M2: 2 AF-M | N2: 1 | O2: 1 | P2: 1 | Q2: 7 | R2: 2 | S2: 0 | T2: 0 | U2: 0 | V2: NULL | W2: 1 | X2: 0 | Y2: 0 | Z2: 1 | AA2: 0 | AB2: 1 | AC2: NULL | AD2: 0 | AE2: 0 | AF2: 0 | AG2: 0 | AH2: l/sec | AI2: 1 | AJ2: m | AK2: 1 | AL2: 2.6 | AM2: 14.2 | AN2: 0 | AO2: 0 | AP2: 0 | AQ2: 0 | AR2: 30.15 | AS2: 22.8 | AT2: 46.91 | AU2: 0 | AV2: 0 | AW2: 12.02 | AX2: 25.01 | AY2: 6.28 | AZ2: 0 | BA2: 30.15 | BB2: 0 | BC2: 18 | BD2: 0 | BE2: 0 | BF2: 0 | BG2: 0 | BH2: 0 | BI2: 0 | BJ2: 0 | BK2: 0 | BL2: 0 | BM2: 800 | BN2: 1800 | BO2: 0 | BP2: 0 | BQ2: 0 | BR2: 0 | BS2: 0 | BT2: 0 | BU2: 1800 | BV2: 228 | BW2: NULL | BX2: 0 | BY2: 2 AF-M | CA2: 1800 | CB2: 30.15 | CC2: 14.2 | CD2: NULL | CE2: 30.15;29.95;29.5;28.35;27;25;22.8 | CF2: 0;20;30;40;45;47;45 | CG2: 0;2.6;4.5;7.25;9.6;12;14.2 | CH2: =_xlfn.TEXTJOIN(";",TRUE,MID(C1,1,SEARCH(";",C1&";")-1)&","&MID(C2,1,SEARCH(";",C2&";")-1)&","&MID(C3,1,SEARCH(";",C3&";")-1)) -> PumpFilter2,SLURRY,SLURRY | CK2: 1 | CL2: 30.152 .00754 -.0331063 -.000176159 -7.015E-06 | CM2: 0.002 9.44679 -0.7765408 0.041264318-0.001247287 | CN2: 0 0 0 0 0 | CP2: NULL | CQ2: NULL | CR2: 35 | CS2: 0 | CT2: VF50 (5) | CX2: 0 | CY2: 0 | CZ2: 0 | DA2: 0 | DB2: curves\af\2 af-m | DC2: 0 | DD2: 0 | DI2: 2 AF | DJ2: BAF2127 | DK2: 50 | DQ2: QV | DR2: 30 | DS2: 0 | DT2: 0 | DU2: 0 | DV2: 0 | EW2: NULL | EX2: NULL | EY2: NULL | EZ2: NULL | FA2: 4 | FB2: NULL | FF2: 0 | FG2: 0 | FH2: 0 | FI2: 0 | FJ2: 0 | FK2: 0 | FL2: 0 | FM2: 0 | FN2: 0 | FO2: 0 | FP2: 0 | FQ2: 0 | FR2: 0 | FS2: 0 | FT2: 0 | FU2: 0 | FV2: 0 | FW2: 0 | FX2: 0 | FY2: 0 | FZ2: 0 | GA2: 0 | GB2: 0 | GC2: 0 | GD2: 0 | GE2: NULL | GF2: NULL | GG2: NULL | GH2: 44648 | GI2: Curve loaded from Warman / Weir printed curve | GJ2: Gugu Khoza | GK2: Pieter du Plessis | GN2: 76 | GO2: 51 | GP2: 0 | GQ2: A | GR2: 44648 | GV2: NULL | GW2: NULL | GX2: NULL | GY2: NULL | GZ2: NULL | HA2: NULL | HB2: NULL | HC2: NULL | HD2: NULL | HE2: NULL | HH2: 0 | HI2: 0 | HJ2: 29.94 | HK2: 22.54 | HL2: 7.16 | HN2: NULL | IS2: 0 | IT2: 0 | IU2: 0 | IV2: 0 | IW2: 0 | IX2: 20;30;40;45;47; | IY2: 0 | IZ2: 0 | JA2: 0 | JB2: 0 | JC2: bar a | JD2: 800;1000;1200;1400;1600;1800 | JF2: 0 | JH2: NULL | JI2: 0 | JJ2: NULL | JK2: 7.05 | JL2: 0 | JM2: 1
A3: 3 AF-M | B3: SPSA | C3: SLURRY | D3: OPEN | E3: AF | F3: METAL | G3: 5 | H3: WPG3AF31 | I3: WARMAN | J3: N/A | L3: AF | M3: 3 AF-M | N3: 1 | O3: 1 | P3: 1 | Q3: 8 | R3: 2 | S3: 0 | T3: 0 | U3: 0 | V3: NULL | W3: 1 | X3: 0 | Y3: 0 | Z3: 1 | AA3: 0 | AB3: 1 | AC3: NULL | AD3: 0 | AE3: 0 | AF3: 0 | AG3: 0 | AH3: l/sec | AI3: 1 | AJ3: m | AK3: 1 | AL3: 6.3 | AM3: 40 | AN3: 0 | AO3: 0 | AP3: 0 | AQ3: 0 | AR3: 29.5 | AS3: 22.5 | AT3: 56.68 | AU3: 0 | AV3: 0 | AW3: 34.25 | AX3: 24.06 | AY3: 14.25 | AZ3: 0 | BA3: 29.5 | BB3: 0 | BC3: 26 | BD3: 0 | BE3: 0 | BF3: 0 | BG3: 0 | BH3: 0 | BI3: 0 | BJ3: 0 | BK3: 0 | BL3: 0 | BM3: 700 | BN3: 1500 | BO3: 0 | BP3: 0 | BQ3: 0 | BR3: 0 | BS3: 0 | BT3: 0 | BU3: 1500 | BV3: 267 | BW3: NULL | BX3: 0 | BY3: 3 AF-M | CA3: 1500 | CB3: 29.5 | CC3: 40 | CD3: NULL | CE3: 29.5;28.9;28.5;27.9;26.8;25.5;23.8;22.5 | CF3: 0;20;30;40;50;55;57;55 | CG3: 0;6.3;10.35;15;22.2;28.6;35.1;40 | CK3: 5 | CL3: 29.504 -.5241 .056773 -.022697513 .001260996 | CM3: -0.03 18.16803 -1.9086488 0.102655657-0.005036493 | CN3: 0 0 0 0 0 | CP3: NULL | CQ3: NULL | CR3: 38 | CS3: 0 | CT3: VF80 (5) | CX3: 0 | CY3: 0 | CZ3: 0 | DA3: 0 | DB3: curves\af\3 af-m | DC3: 0 | DD3: 0 | DI3: 3 AF | DJ3: CAF3127 | DK3: 80 | DQ3: QV | DR3: 30 | DS3: 0 | DT3: 0 | DU3: 0 | DV3: 0 | EW3: NULL | EX3: NULL | EY3: NULL | EZ3: NULL | FA3: 4 | FB3: NULL | FF3: 0 | FG3: 0 | FH3: 0 | FI3: 0 | FJ3: 0 | FK3: 0 | FL3: 0 | FM3: 0 | FN3: 0 | FO3: 0 | FP3: 0 | FQ3: 0 | FR3: 0 | FS3: 0 | FT3: 0 | FU3: 0 | FV3: 0 | FW3: 0 | FX3: 0 | FY3: 0 | FZ3: 0 | GA3: 0 | GB3: 0 | GC3: 0 | GD3: 0 | GE3: NULL | GF3: NULL | GG3: NULL | GH3: 44648 | GI3: Curve loaded from Warman / Weir printed curve | GJ3: Gugu Khoza | GK3: Pieter du Plessis | GN3: 76.2 | GO3: 76 | GP3: 0 | GQ3: A | GR3: 44648 | GV3: NULL | GW3: NULL | GX3: NULL | GY3: NULL | GZ3: NULL | HA3: NULL | HB3: NULL | HC3: NULL | HD3: NULL | HE3: NULL | HH3: 0 | HI3: 0 | HJ3: 28.89 | HK3: 22.18 | HL3: 16.44 | HN3: NULL | IS3: 0 | IT3: 0 | IU3: 0 | IV3: 0 | IW3: 0 | IX3: 20;30;40;50;55;57; | IY3: 0 | IZ3: 0 | JA3: 0 | JB3: 0 | JC3: bar a | JD3: 700;900;1100;1300;1500;1500 | JF3: 0 | JH3: NULL | JI3: 0 | JJ3: NULL | JK3: 16.04 | JL3: 0 | JM3: 1
A4: 4 AF-M | B4: SPSA | C4: SLURRY | D4: OPEN | E4: AF | F4: METAL | G4: 5 | H4: WPG4AF31 | I4: WARMAN | J4: N/A | L4: AF | M4: 4 AF-M | N4: 1 | O4: 1 | P4: 1 | Q4: 8 | R4: 2 | S4: 0 | T4: 0 | U4: 0 | V4: NULL | W4: 1 | X4: 0 | Y4: 0 | Z4: 1 | AA4: 0 | AB4: 1 | AC4: NULL | AD4: 0 | AE4: 0 | AF4: 0 | AG4: 0 | AH4: l/sec | AI4: 1 | AJ4: m | AK4: 1 | AL4: 7 | AM4: 62 | AN4: 0 | AO4: 0 | AP4: 0 | AQ4: 0 | AR4: 29.5 | AS4: 21.3 | AT4: 58.15 | AU4: 0 | AV4: 0 | AW4: 49.83 | AX4: 24.13 | AY4: 20.27 | AZ4: 0 | BA4: 29.5 | BB4: 0 | BC4: 23 | BD4: 0 | BE4: 0 | BF4: 0 | BG4: 0 | BH4: 0 | BI4: 0 | BJ4: 0 | BK4: 0 | BL4: 0 | BM4: 500 | BN4: 1100 | BO4: 0 | BP4: 0 | BQ4: 0 | BR4: 0 | BS4: 0 | BT4: 0 | BU4: 1100 | BV4: 381 | BW4: NULL | BX4: 0 | BY4: 4 AF-M | CA4: 1100 | CB4: 29.5 | CC4: 62 | CD4: NULL | CE4: 29.5;28.8;28.6;28.2;27.45;26.45;23.7;21.3 | CF4: 0;20;30;40;50;55;58;55 | CG4: 0;7;12.2;19.1;27.8;36;52;62 | CK4: 5 | CL4: 29.468 -.50128 .0821462 -.012479172 .000390048 | CM4: 0.206 16.02869 -1.7999602 0.111659393-0.003390102 | CN4: 0 0 0 0 0 | CP4: NULL | CQ4: NULL | CR4: 55 | CS4: 0 | CT4: VF100 (5) | CX4: 0 | CY4: 0 | CZ4: 0 | DA4: 0 | DB4: curves\af\4 af-m | DC4: 0 | DD4: 0 | DI4: 4 AF | DJ4: RAF4127 | DK4: 100 | DQ4: RV | DR4: 75 | DS4: 0 | DT4: 0 | DU4: 0 | DV4: 0 | EW4: NULL | EX4: NULL | EY4: NULL | EZ4: NULL | FA4: 4 | FB4: NULL | FF4: 0 | FG4: 0 | FH4: 0 | FI4: 0 | FJ4: 0 | FK4: 0 | FL4: 0 | FM4: 0 | FN4: 0 | FO4: 0 | FP4: 0 | FQ4: 0 | FR4: 0 | FS4: 0 | FT4: 0 | FU4: 0 | FV4: 0 | FW4: 0 | FX4: 0 | FY4: 0 | FZ4: 0 | GA4: 0 | GB4: 0 | GC4: 0 | GD4: 0 | GE4: NULL | GF4: NULL | GG4: NULL | GH4: 44648 | GI4: Curve loaded from Warman / Weir printed curve | GJ4: Gugu Khoza | GK4: Pieter du Plessis | GN4: 152 | GO4: 102 | GP4: 0 | GQ4: A | GR4: 44648 | GV4: NULL | GW4: NULL | GX4: NULL | GY4: NULL | GZ4: NULL | HA4: NULL | HB4: NULL | HC4: NULL | HD4: NULL | HE4: NULL | HH4: 0 | HI4: 0 | HJ4: 28.89 | HK4: 21.86 | HL4: 22.84 | HN4: NULL | IS4: 0 | IT4: 0 | IU4: 0 | IV4: 0 | IW4: 0 | IX4: 20;30;40;50;55;58; | IY4: 0 | IZ4: 0 | JA4: 0 | JB4: 0 | JC4: bar a | JD4: 500;600;700;800;900;1000;1100 | JF4: 0 | JH4: NULL | JI4: 0 | JJ4: NULL | JK4: 23.54 | JL4: 0 | JM4: 1
A5: 6 AF-M | B5: SPSA | C5: SLURRY | D5: OPEN | E5: AF | F5: METAL | G5: 5 | H5: WPG6AF31 | I5: WARMAN | J5: N/A | L5: AF | M5: 6 AF-M | N5: 1 | O5: 1 | P5: 1 | Q5: 9 | R5: 2 | S5: 0 | T5: 0 | U5: 0 | V5: NULL | W5: 1 | X5: 0 | Y5: 0 | Z5: 1 | AA5: 0 | AB5: 1 | AC5: NULL | AD5: 0 | AE5: 0 | AF5: 0 | AG5: 0 | AH5: l/sec | AI5: 1 | AJ5: m | AK5: 1 | AL5: 20 | AM5: 124 | AN5: 0 | AO5: 0 | AP5: 0 | AQ5: 0 | AR5: 25.18 | AS5: 18.25 | AT5: 55.76 | AU5: 0 | AV5: 0 | AW5: 109.13 | AX5: 20.06 | AY5: 38.49 | AZ5: 0 | BA5: 25.18 | BB5: 0 | BC5: 24 | BD5: 0 | BE5: 0 | BF5: 0 | BG5: 0 | BH5: 0 | BI5: 0 | BJ5: 0 | BK5: 0 | BL5: 0 | BM5: 350 | BN5: 700 | BO5: 0 | BP5: 0 | BQ5: 0 | BR5: 0 | BS5: 0 | BT5: 0 | BU5: 700 | BV5: 540 | BW5: NULL | BX5: 0 | BY5: 6 AF-M | CA5: 700 | CB5: 25.18 | CC5: 124 | CD5: NULL | CE5: 25.18;25.27;25.1;24.6;24.15;23.3;21.76;20;18.25 | CF5: 0;20;30;40;45;50;55;56;55 | CG5: 0;20;33;47.7;58.3;72.7;93.3;109;124 | CK5: 10 | CL5: 25.184 .15933 -.0602478 .000732081 -4.4993E-05 | CM5: -0.02 11.36445 -0.712349 0.016491273-0.000328763 | CN5: 0 0 0 0 0 | CP5: NULL | CQ5: NULL | CR5: 55 | CS5: 0 | CT5: VF150 (5) | CX5: 0 | CY5: 0 | CZ5: 0 | DA5: 0 | DB5: curves\af\6 af-m | DC5: 0 | DD5: 0 | DI5: 6 AF | DJ5: SAF6127 | DK5: 150 | DQ5: RV | DR5: 75 | DS5: SV | DT5: 110 | DU5: 0 | DV5: 0 | EW5: NULL | EX5: NULL | EY5: NULL | EZ5: NULL | FA5: 4 | FB5: NULL | FF5: 0 | FG5: 0 | FH5: 0 | FI5: 0 | FJ5: 0 | FK5: 0 | FL5: 0 | FM5: 0 | FN5: 0 | FO5: 0 | FP5: 0 | FQ5: 0 | FR5: 0 | FS5: 0 | FT5: 0 | FU5: 0 | FV5: 0 | FW5: 0 | FX5: 0 | FY5: 0 | FZ5: 0 | GA5: 0 | GB5: 0 | GC5: 0 | GD5: 0 | GE5: NULL | GF5: NULL | GG5: NULL | GH5: 44648 | GI5: Curve loaded from Warman / Weir printed curve | GJ5: Gugu Khoza | GK5: Pieter du Plessis | GN5: 203 | GO5: 152 | GP5: 0 | GQ5: A | GR5: 44648 | GV5: NULL | GW5: NULL | GX5: NULL | GY5: NULL | GZ5: NULL | HA5: NULL | HB5: NULL | HC5: NULL | HD5: NULL | HE5: NULL | HH5: 0 | HI5: 0 | HJ5: 25.27 | HK5: 17.26 | HL5: 41.03 | HN5: NULL | IS5: 0 | IT5: 0 | IU5: 0 | IV5: 0 | IW5: 0 | IX5: 20;30;40;45;50;55;56; | IY5: 0 | IZ5: 0 | JA5: 0 | JB5: 0 | JC5: bar a | JD5: 350;400;450;500;550;600;650;700 | JF5: 0 | JH5: NULL | JI5: 0 | JJ5: NULL | JK5: 40.34 | JL5: 0 | JM5: 1
A6: 20/18-HDM450G-RUBBER | B6: SPSA | C6: SLURRY | D6: CLOSED | E6: AH | F6: RUBBER | G6: 5 | H6: WPG2018AH32 | J6: WIP | N6: 3 | O6: 3 | P6: 1 | Q6: 9 | R6: 2 | S6: 0 | T6: 0 | U6: 0 | V6: NULL | W6: 1 | X6: 0 | Y6: 0 | Z6: 1 | AA6: 0 | AB6: 1 | AC6: 1 | AD6: 0 | AE6: 0 | AF6: 0 | AG6: 0 | AH6: l/sec | AI6: 1 | AJ6: m | AK6: 1 | AL6: 8.89 | AM6: 70.27 | AN6: 0 | AO6: 0 | AP6: 0 | AQ6: 900 | AR6: 14.9 | AS6: 10.6 | AT6: 82.08 | AU6: 0 | AV6: 0 | AW6: 1332.33 | AX6: 35.42 | AY6: 563.68 | AZ6: 7.96 | BA6: 45.4 | BB6: 0 | BC6: 29 | BD6: 88 | BE6: 0 | BF6: 0 | BG6: 0 | BH6: 0 | BI6: 0 | BJ6: 0 | BK6: 0 | BL6: 0 | BM6: 200 | BN6: 350 | BO6: 0 | BP6: 0 | BQ6: 0 | BR6: 0 | BS6: 0 | BT6: 0 | BU6: 360 | BV6: 1372 | BW6: NULL | BX6: 0 | BY6: 20/18-HDM450G-RUBBER;20/18-HDM450G-RUBBER;20/18-HDM450G-RUBBER | CA6: 200.00 275.00 350.00 | CB6: 14.9 28 45.4 | CC6: 911.2 1253 1603 | CD6: NULL | CE6: 14.9;14.9;14.8;14.7;14.3;13.9;13;11.9;10.6|28;28.1;28;27.7;27;26.2;24.6;22.3;19.8|45.4;45.4;45.2;44.7;43.7;42.6;39.8;35.9;32.1 | CF6: 0;40;50;60;70;75;80;82;80|0;40;50;60;70;75;80;82;80|0;40;50;60;70;75;80;82;80 | CG6: 0;115.3;167.4;252.9;334.7;416.5;576.4;728.9;911.2|0;171.1;245.5;342.1;461.2;569;773.6;1012;1253|0;219.4;316.1;431.4;587.6;721.5;974.4;1298;1603 | CI6: 0.9;0.9;0.9;1.1;1.2;1.4;1.9;2.6;3.4|0;0;0;0;0;0;0;0;0|2.6;2.6;2.7;3;3.5;4.1;5.5;7.7;10.1 | CK6: 25 100 100 | CL6: 14.895 .02876 -.0058599 3.137E-05 5.21E-07 27.99 .32671 -.1511125 .008107264 -.000182877 45.386 .22914 -.0945354 .000647033 7.0824E-05 | CM6: 0.474 10.68737 -0.6000358 0.016358409 -0.00017288 0.21 29.17064 -4.2724331 0.30343515-0.008597166 0.185 22.70739 -2.5613331 0.139390356-0.003032344 | CN6: 0.891 -0.00499 0.0016591 4.3919E-05 -9.27E-07 0 0 0 0 0 2.603 -0.12091 0.0536482-0.001192844 8.512E-06 | CO6: 0.00 0.00 0.00 | CP6: NULL | CQ6: NULL | CR6: 130 | CS6: 0 | CX6: 0 | CY6: 0 | CZ6: 0 | DA6: 0 | DC6: 0 | DD6: 0 | DI6: WPG 2018AH32 | DJ6: HDM450147G-RU | DK6: 20/18 | DQ6: GAM | DR6: 600 | DS6: GGAM | DT6: 900 | DU6: H | DV6: 1450 | EW6: NULL | EX6: NULL | EY6: NULL | EZ6: NULL | FA6: 4 | FB6: NULL | FC6: 0 0 0 0 0 0 0 0 | FD6: 0 0 0 0 0 0 0 0 0 0 0 0 0 0 0 0 | FE6: 1.1111111e+27 | FF6: 0 | FG6: 1800 | FH6: 9 | FI6: 1 | FJ6: 2 | FK6: 0 | FL6: 50 | FM6: 5 | FN6: 1 | FO6: 5 | FP6: 0 | FQ6: 0 | FR6: 0 | FS6: 0 | FT6: 0 | FU6: 0 | FV6: 0 | FW6: 0 | FX6: 0 | FY6: 0 | FZ6: 0 | GA6: 0 | GB6: 0 | GC6: 0 | GD6: 0 | GE6: NULL | GF6: NULL | GG6: NULL | GH6: 45097 | GJ6: Pieter du Plessis | GK6: Pieter du Plessis | GL6: 0 | GM6: 0 | GN6: 508 | GO6: 457.2 | GP6: 0 | GR6: 45098 | GV6: NULL | GW6: NULL | GX6: NULL | GY6: NULL | GZ6: NULL | HA6: NULL | HB6: NULL | HC6: NULL | HD6: NULL | HE6: NULL | HH6: 0 | HI6: 0 | HJ6: 45.53 | HK6: 32.16 | HL6: 629.74 | HN6: NULL | IS6: 0 | IT6: 0 | IU6: 0 | IV6: 0 | IW6: 0 | IX6: 40.0 50.0 60.0 70.0 75.0 80.0 0.0 0.0 | IY6: 0 | IZ6: 0 | JA6: 0 | JB6: 0 | JC6: bar a | JD6: 200 225 250 275 300 325 350 0 | JE6: 49;533;0;1800|461;11;0;50||616;504;0;12 | JF6: 2 | JG6: 20_18-HDM450G-RUBBER.png | JH6: NULL | JI6: 0 | JJ6: NULL | JK6: 630.59 | JL6: 10.1 | JM6: 3
A7: 10 AHF-M | B7: SPSA | C7: SLURRY | D7: OPEN | E7: AHF | F7: METAL | G7: 8 | H7: WPG10AHF30 | I7: WARMAN | J7: N/A | L7: AHF | M7: 10 AHF-M | N7: 1 | O7: 1 | P7: 1 | Q7: 8 | R7: 2 | S7: 0 | T7: 0 | U7: 0 | V7: NULL | W7: 1 | X7: 0 | Y7: 0 | Z7: 1 | AA7: 0 | AB7: 1 | AC7: NULL | AD7: 0 | AE7: 0 | AF7: 0 | AG7: 0 | AH7: l/sec | AI7: 1 | AJ7: m | AK7: 1 | AL7: 130 | AM7: 750 | AN7: 0 | AO7: 0 | AP7: 0 | AQ7: 0 | AR7: 73 | AS7: 54.2 | AT7: 77.94 | AU7: 0 | AV7: 0 | AW7: 619.29 | AX7: 61.98 | AY7: 482.86 | AZ7: 7.94 | BA7: 73 | BB7: 0 | BC7: 28 | BD7: 133 | BE7: 0 | BF7: 0 | BG7: 0 | BH7: 0 | BI7: 0 | BJ7: 0 | BK7: 0 | BL7: 0 | BM7: 400 | BN7: 800 | BO7: 0 | BP7: 0 | BQ7: 0 | BR7: 0 | BS7: 0 | BT7: 0 | BU7: 800 | BV7: 800 | BW7: NULL | BX7: 0 | BY7: 10 AHF-M | CA7: 800 | CB7: 73 | CC7: 750 | CD7: NULL | CE7: 73;73.13;73.1;72.6;71.25;68.5;62;54.2 | CF7: 0;40;50;60;70;75;78;75 | CG7: 0;130;180;251;362;459;620;750 | CI7: 2.5;2.5;3;4;5;6;8;11 | CK7: 25 | CL7: 72.994 .04219 .0046468 -.001374498 1.5899E-05 | CM7: 0.003 10.22832 -0.5645459 0.016107987-0.000195913 | CN7: 2.478 -0.20613 0.0569788 -0.0027951 4.8033E-05 | CP7: NULL | CQ7: NULL | CR7: 0 | CS7: 0 | CT7: HDF250 (8) | CX7: 0 | CY7: 2100 | CZ7: 0 | DA7: 0 | DB7: curves\ahf\10 ahf-m | DC7: 0 | DD7: 0 | DI7: 10 AHF | DJ7: GAHF10053QU1 | DK7: 250 | DQ7: FM | DR7: 260 | DS7: FFM | DT7: 425 | DU7: G | DV7: 600 | EW7: NULL | EX7: NULL | EY7: NULL | EZ7: NULL | FA7: 4 | FB7: NULL | FF7: 0 | FG7: 0 | FH7: 0 | FI7: 0 | FJ7: 0 | FK7: 0 | FL7: 0 | FM7: 0 | FN7: 0 | FO7: 0 | FP7: 0 | FQ7: 0 | FR7: 0 | FS7: 0 | FT7: 0 | FU7: 0 | FV7: 0 | FW7: 0 | FX7: 0 | FY7: 0 | FZ7: 0 | GA7: 0 | GB7: 0 | GC7: 0 | GD7: 0 | GE7: NULL | GF7: NULL | GG7: NULL | GH7: 44648 | GI7: Curve loaded from Warman / Weir printed curve | GJ7: Gugu Khoza | GK7: Pieter du Plessis | GN7: 254 | GO7: 508 | GP7: 0 | GQ7: A | GR7: 44648 | GV7: NULL | GW7: NULL | GX7: NULL | GY7: NULL | GZ7: NULL | HA7: NULL | HB7: NULL | HC7: NULL | HD7: NULL | HE7: NULL | HH7: 0 | HI7: 0 | HJ7: 73.16 | HK7: 54.66 | HL7: 528.68 | HN7: NULL | IS7: 0 | IT7: 0 | IU7: 0 | IV7: 0 | IW7: 0 | IX7: 40;50;60;70;75;78; | IY7: 0 | IZ7: 0 | JA7: 0 | JB7: 0 | JC7: bar a | JD7: 400;450;500;550;600;650;700;750;800 | JF7: 0 | JH7: NULL | JI7: 0 | JJ7: NULL | JK7: 531.37 | JL7: 0 | JM7: 1
A8: 2 AHF-M | B8: SPSA | C8: SLURRY | D8: OPEN | E8: AHF | F8: METAL | G8: 4 | H8: WPG2AHF30 | I8: WARMAN | J8: N/A | L8: AHF | M8: 2 AHF-M | N8: 1 | O8: 1 | P8: 1 | Q8: 10 | R8: 2 | S8: 0 | T8: 0 | U8: 0 | V8: NULL | W8: 1 | X8: 0 | Y8: 0 | Z8: 1 | AA8: 0 | AB8: 1 | AC8: NULL | AD8: 0 | AE8: 0 | AF8: 0 | AG8: 0 | AH8: l/sec | AI8: 1 | AJ8: m | AK8: 1 | AL8: 6.1 | AM8: 39.8 | AN8: 0 | AO8: 0 | AP8: 0 | AQ8: 0 | AR8: 57 | AS8: 48.5 | AT8: 57.1 | AU8: 0 | AV8: 0 | AW8: 33.66 | AX8: 50.62 | AY8: 29.25 | AZ8: 15.45 | BA8: 57 | BB8: 0 | BC8: 25 | BD8: 61 | BE8: 0 | BF8: 0 | BG8: 0 | BH8: 0 | BI8: 0 | BJ8: 0 | BK8: 0 | BL8: 0 | BM8: 1000 | BN8: 2600 | BO8: 0 | BP8: 0 | BQ8: 0 | BR8: 0 | BS8: 0 | BT8: 0 | BU8: 2600 | BV8: 224 | BW8: NULL | BX8: 0 | BY8: 2 AHF-M | CA8: 2600 | CB8: 57 | CC8: 39.8 | CD8: NULL | CE8: 57;56.95;56.5;56.1;55.6;54.9;54;52.5;50.8;48.5 | CF8: 0;20;30;35;40;45;50;55;57;55 | CG8: 0;6.1;10;12.4;15;18;21.5;27;33.25;39.8 | CI8: 1.6;1.6;2.15;2.5;2.85;3.34;4;6.6 | CK8: 5 | CL8: 56.989 .48084 -.4624397 .056453688 -.002858407 | CM8: 0.046 18.62652 -2.106916 0.141923648-0.007830994 | CN8: 1.601 -0.96592 1.1294553-0.319578918 0.032458602 | CP8: NULL | CQ8: NULL | CR8: 0 | CS8: 0 | CT8: HDF50 (4) | CX8: 0 | CY8: 2100 | CZ8: 0 | DA8: 0 | DB8: curves\ahf\2 ahf-m | DC8: 0 | DD8: 0 | DI8: 2 AHF | DJ8: CAHF2056QU1 | DK8: 50 | DQ8: C | DR8: 30 | DS8: CC | DT8: 55 | DU8: 0 | DV8: 0 | EW8: NULL | EX8: NULL | EY8: NULL | EZ8: NULL | FA8: 4 | FB8: NULL | FF8: 0 | FG8: 0 | FH8: 0 | FI8: 0 | FJ8: 0 | FK8: 0 | FL8: 0 | FM8: 0 | FN8: 0 | FO8: 0 | FP8: 0 | FQ8: 0 | FR8: 0 | FS8: 0 | FT8: 0 | FU8: 0 | FV8: 0 | FW8: 0 | FX8: 0 | FY8: 0 | FZ8: 0 | GA8: 0 | GB8: 0 | GC8: 0 | GD8: 0 | GE8: NULL | GF8: NULL | GG8: NULL | GH8: 44648 | GI8: Curve loaded from Warman / Weir printed curve | GJ8: Gugu Khoza | GK8: Pieter du Plessis | GN8: 132 | GO8: 51 | GP8: 0 | GQ8: A | GR8: 44648 | GV8: NULL | GW8: NULL | GX8: NULL | GY8: NULL | GZ8: NULL | HA8: NULL | HB8: NULL | HC8: NULL | HD8: NULL | HE8: NULL | HH8: 0 | HI8: 0 | HJ8: 56.98 | HK8: 48.28 | HL8: 35.09 | HN8: NULL | IS8: 0 | IT8: 0 | IU8: 0 | IV8: 0 | IW8: 0 | IX8: 20;30;35;40;45;50;55; | IY8: 0 | IZ8: 0 | JA8: 0 | JB8: 0 | JC8: bar a | JD8: 1000;1200;1400;1600;1800;2000;2200;2400;2600 | JF8: 0 | JH8: NULL | JI8: 0 | JJ8: NULL | JK8: 34.41 | JL8: 0 | JM8: 1
A9: 3 AHF-M | B9: SPSA | C9: SLURRY | D9: OPEN | E9: AHF | F9: METAL | G9: 4 | H9: WPG3AHF30 | I9: WARMAN | J9: N/A | L9: AHF | M9: 3 AHF-M | N9: 1 | O9: 1 | P9: 1 | Q9: 11 | R9: 2 | S9: 0 | T9: 0 | U9: 0 | V9: NULL | W9: 1 | X9: 0 | Y9: 0 | Z9: 1 | AA9: 0 | AB9: 1 | AC9: NULL | AD9: 0 | AE9: 0 | AF9: 0 | AG9: 0 | AH9: l/sec | AI9: 1 | AJ9: m | AK9: 1 | AL9: 10 | AM9: 85 | AN9: 0 | AO9: 0 | AP9: 0 | AQ9: 0 | AR9: 52.8 | AS9: 44.4 | AT9: 61.76 | AU9: 0 | AV9: 0 | AW9: 62.86 | AX9: 48.94 | AY9: 48.83 | AZ9: 7.9 | BA9: 52.8 | BB9: 0 | BC9: 30 | BD9: 117 | BE9: 0 | BF9: 0 | BG9: 0 | BH9: 0 | BI9: 0 | BJ9: 0 | BK9: 0 | BL9: 0 | BM9: 800 | BN9: 2200 | BO9: 0 | BP9: 0 | BQ9: 0 | BR9: 0 | BS9: 0 | BT9: 0 | BU9: 2200 | BV9: 257 | BW9: NULL | BX9: 0 | BY9: 3 AHF-M | CA9: 2200 | CB9: 52.8 | CC9: 85 | CD9: NULL | CE9: 52.8;53.3;53.5;53.5;53.3;53;52.5;51.3;49;46.8;44.4 | CF9: 0;20;30;40;45;50;55;60;62;60;55 | CG9: 0;10;16.3;24.4;29;34;40.8;50.2;62.3;73.1;85 | CI9: 1.1;1.1;1.9;2.55;2.9;3.4;4;4.9 | CK9: 5 | CL9: 52.81 .26297 .0007277 -.006522072 .000226885 | CM9: 0.173 10.91508 -0.6117917 0.014331562-0.000292896 | CN9: 1.083 -0.31765 0.2486281-0.031683685 0.001379965 | CP9: NULL | CQ9: NULL | CR9: 0 | CS9: 0 | CT9: HDF80 (4) | CX9: 0 | CY9: 2100 | CZ9: 0 | DA9: 0 | DB9: curves\ahf\3 ahf-m | DC9: 0 | DD9: 0 | DI9: 3 AHF | DJ9: DAHF3056QU1 | DK9: 80 | DQ9: CM | DR9: 30 | DS9: CCM | DT9: 55 | DU9: D | DV9: 60 | EW9: NULL | EX9: NULL | EY9: NULL | EZ9: NULL | FA9: 4 | FB9: NULL | FF9: 0 | FG9: 0 | FH9: 0 | FI9: 0 | FJ9: 0 | FK9: 0 | FL9: 0 | FM9: 0 | FN9: 0 | FO9: 0 | FP9: 0 | FQ9: 0 | FR9: 0 | FS9: 0 | FT9: 0 | FU9: 0 | FV9: 0 | FW9: 0 | FX9: 0 | FY9: 0 | FZ9: 0 | GA9: 0 | GB9: 0 | GC9: 0 | GD9: 0 | GE9: NULL | GF9: NULL | GG9: NULL | GH9: 44648 | GI9: Curve loaded from Warman / Weir printed curve | GJ9: Gugu Khoza | GK9: Pieter du Plessis | GN9: 76.2 | GO9: 76 | GP9: 0 | GQ9: A | GR9: 44648 | GV9: NULL | GW9: NULL | GX9: NULL | GY9: NULL | GZ9: NULL | HA9: NULL | HB9: NULL | HC9: NULL | HD9: NULL | HE9: NULL | HH9: 0 | HI9: 0 | HJ9: 53.29 | HK9: 46.3 | HL9: 57.41 | HN9: NULL | IS9: 0 | IT9: 0 | IU9: 0 | IV9: 0 | IW9: 0 | IX9: 20;30;40;45;50;55;60; | IY9: 0 | IZ9: 0 | JA9: 0 | JB9: 0 | JC9: bar a | JD9: 800;1000;1200;1400;1600;1800;2000;2200 | JF9: 0 | JH9: NULL | JI9: 0 | JJ9: NULL | JK9: 67.27 | JL9: 0 | JM9: 1
A10: 4 AHF-M | B10: SPSA | C10: SLURRY | D10: OPEN | E10: AHF | F10: METAL | G10: 4 | H10: WPG4AHF30 | I10: WARMAN | J10: N/A | L10: AHF | M10: 4 AHF-M | N10: 1 | O10: 1 | P10: 1 | Q10: 9 | R10: 2 | S10: 0 | T10: 0 | U10: 0 | V10: NULL | W10: 1 | X10: 0 | Y10: 0 | Z10: 1 | AA10: 0 | AB10: 1 | AC10: NULL | AD10: 0 | AE10: 0 | AF10: 0 | AG10: 0 | AH10: l/sec | AI10: 1 | AJ10: m | AK10: 1 | AL10: 15.5 | AM10: 136.2 | AN10: 0 | AO10: 0 | AP10: 0 | AQ10: 0 | AR10: 68.8 | AS10: 56.9 | AT10: 65.83 | AU10: 0 | AV10: 0 | AW10: 112.48 | AX10: 61.05 | AY10: 102.27 | AZ10: 5.82 | BA10: 68.8 | BB10: 0 | BC10: 25 | BD10: 143 | BE10: 0 | BF10: 0 | BG10: 0 | BH10: 0 | BI10: 0 | BJ10: 0 | BK10: 0 | BL10: 0 | BM10: 500 | BN10: 1600 | BO10: 0 | BP10: 0 | BQ10: 0 | BR10: 0 | BS10: 0 | BT10: 0 | BU10: 1600 | BV10: 388 | BW10: NULL | BX10: 0 | BY10: 4 AHF-M | CA10: 1600 | CB10: 68.8 | CC10: 136.2 | CD10: NULL | CE10: 68.8;66.8;66.05;65.5;64.8;64;63.2;60.8;56.9 | CF10: 0;20;30;40;50;60;64;66;64 | CG10: 0;15.5;24.4;37.6;50;73.5;91;114.3;136.2 | CI10: 1.8;1.8;2.07;2.3;2.7;3.6;4.7;5.9 | CK10: 10 | CL10: 68.779 -1.56025 .223878 -.014283658 .000114173 | CM10: 0.02 14.58126 -1.113496 0.037417156-0.000655933 | CN10: 1.777 0.04602 0.0115112 0.004186208-0.000242973 | CP10: NULL | CQ10: NULL | CR10: 0 | CS10: 0 | CT10: HDF100 (4) | CX10: 0 | CY10: 2100 | CZ10: 0 | DA10: 0 | DB10: curves\ahf\4 ahf-m | DC10: 0 | DD10: 0 | DI10: 4 AHF | DJ10: EAHF4056QU1 | DK10: 100 | DQ10: D | DR10: 60 | DS10: DD | DT10: 110 | DU10: E | DV10: 120 | EW10: NULL | EX10: NULL | EY10: NULL | EZ10: NULL | FA10: 4 | FB10: NULL | FF10: 0 | FG10: 0 | FH10: 0 | FI10: 0 | FJ10: 0 | FK10: 0 | FL10: 0 | FM10: 0 | FN10: 0 | FO10: 0 | FP10: 0 | FQ10: 0 | FR10: 0 | FS10: 0 | FT10: 0 | FU10: 0 | FV10: 0 | FW10: 0 | FX10: 0 | FY10: 0 | FZ10: 0 | GA10: 0 | GB10: 0 | GC10: 0 | GD10: 0 | GE10: NULL | GF10: NULL | GG10: NULL | GH10: 44648 | GI10: Curve loaded from Warman / Weir printed curve | GJ10: Gugu Khoza | GK10: Pieter du Plessis | GN10: 289 | GO10: 102 | GP10: 0 | GQ10: A | GR10: 44648 | GV10: NULL | GW10: NULL | GX10: NULL | GY10: NULL | GZ10: NULL | HA10: NULL | HB10: NULL | HC10: NULL | HD10: NULL | HE10: NULL | HH10: 0 | HI10: 0 | HJ10: 66.85 | HK10: 57.17 | HL10: 117.83 | HN10: NULL | IS10: 0 | IT10: 0 | IU10: 0 | IV10: 0 | IW10: 0 | IX10: 20;30;40;50;60;64;66; | IY10: 0 | IZ10: 0 | JA10: 0 | JB10: 0 | JC10: bar a | JD10: 500;700;900;1100;1300;1500;1600 | JF10: 0 | JH10: NULL | JI10: 0 | JJ10: NULL | JK10: 118.72 | JL10: 0 | JM10: 1
A11: 6 AHF-M | B11: SPSA | C11: SLURRY | D11: OPEN | E11: AHF | F11: METAL | G11: 4 | H11: WPG6AHF30 | I11: WARMAN | J11: N/A | L11: AHF | M11: 6 AHF-M | N11: 1 | O11: 1 | P11: 1 | Q11: 10 | R11: 2 | S11: 0 | T11: 0 | U11: 0 | V11: NULL | W11: 1 | X11: 0 | Y11: 0 | Z11: 1 | AA11: 0 | AB11: 1 | AC11: NULL | AD11: 0 | AE11: 0 | AF11: 0 | AG11: 0 | AH11: l/sec | AI11: 1 | AJ11: m | AK11: 1 | AL11: 60 | AM11: 376 | AN11: 0 | AO11: 0 | AP11: 0 | AQ11: 0 | AR11: 60.8 | AS11: 44.8 | AT11: 63.26 | AU11: 0 | AV11: 0 | AW11: 309.4 | AX11: 56.92 | AY11: 272.94 | AZ11: 7.61 | BA11: 60.8 | BB11: 0 | BC11: 30 | BD11: 134 | BE11: 0 | BF11: 0 | BG11: 0 | BH11: 0 | BI11: 0 | BJ11: 0 | BK11: 0 | BL11: 0 | BM11: 400 | BN11: 1100 | BO11: 0 | BP11: 0 | BQ11: 0 | BR11: 0 | BS11: 0 | BT11: 0 | BU11: 1100 | BV11: 552 | BW11: NULL | BX11: 0 | BY11: 6 AHF-M | CA11: 1100 | CB11: 60.8 | CC11: 376 | CD11: NULL | CE11: 60.8;62.05;62.15;62.15;62;61.3;59.9;56;49.2;44.8 | CF11: 0;30;40;50;55;60;62;63.5;62;60 | CG11: 0;60;90;137.5;171;215;270.5;317;360;376 | CI11: 2.8;2.8;3;3.49;3.85;4.8;6;8 | CK11: 25 | CL11: 60.768 1.19329 -.3484254 .041935044 -.00190701 | CM11: -0.018 16.34694 -1.8223482 0.108044201-0.002754578 | CN11: 2.805 -0.19002 0.0955121-0.009364207 0.000437904 | CP11: NULL | CQ11: NULL | CR11: 0 | CS11: 0 | CT11: HDF150 (4) | CX11: 0 | CY11: 2100 | CZ11: 0 | DA11: 0 | DB11: curves\ahf\6 ahf-m | DC11: 0 | DD11: 0 | DI11: 6 AHF | DJ11: FAHF6056QU1 | DK11: 150 | DQ11: EM | DR11: 120 | DS11: EEM | DT11: 225 | DU11: F | DV11: 260 | EW11: NULL | EX11: NULL | EY11: NULL | EZ11: NULL | FA11: 4 | FB11: NULL | FF11: 0 | FG11: 0 | FH11: 0 | FI11: 0 | FJ11: 0 | FK11: 0 | FL11: 0 | FM11: 0 | FN11: 0 | FO11: 0 | FP11: 0 | FQ11: 0 | FR11: 0 | FS11: 0 | FT11: 0 | FU11: 0 | FV11: 0 | FW11: 0 | FX11: 0 | FY11: 0 | FZ11: 0 | GA11: 0 | GB11: 0 | GC11: 0 | GD11: 0 | GE11: NULL | GF11: NULL | GG11: NULL | GH11: 44648 | GI11: Curve loaded from Warman / Weir printed curve | GJ11: Gugu Khoza | GK11: Pieter du Plessis | GN11: 356 | GO11: 152 | GP11: 0 | GQ11: A | GR11: 44648 | GV11: NULL | GW11: NULL | GX11: NULL | GY11: NULL | GZ11: NULL | HA11: NULL | HB11: NULL | HC11: NULL | HD11: NULL | HE11: NULL | HH11: 0 | HI11: 0 | HJ11: 62.14 | HK11: 46.23 | HL11: 277.13 | HN11: NULL | IS11: 0 | IT11: 0 | IU11: 0 | IV11: 0 | IW11: 0 | IX11: 30;40;50;55;60;62;63.5; | IY11: 0 | IZ11: 0 | JA11: 0 | JB11: 0 | JC11: bar a | JD11: 400;600;800;1000;1100 | JF11: 0 | JH11: NULL | JI11: 0 | JJ11: NULL | JK11: 275.24 | JL11: 0 | JM11: 1
A12: 8 AHF-M | B12: SPSA | C12: SLURRY | D12: OPEN | E12: AHF | F12: METAL | G12: 8 | H12: WPG8AHF30 | I12: WARMAN | J12: N/A | L12: AHF | M12: 8 AHF-M | N12: 1 | O12: 1 | P12: 1 | Q12: 9 | R12: 2 | S12: 0 | T12: 0 | U12: 0 | V12: NULL | W12: 1 | X12: 0 | Y12: 0 | Z12: 1 | AA12: 0 | AB12: 1 | AC12: NULL | AD12: 0 | AE12: 0 | AF12: 0 | AG12: 0 | AH12: l/sec | AI12: 1 | AJ12: m | AK12: 1 | AL12: 100 | AM12: 620 | AN12: 0 | AO12: 0 | AP12: 0 | AQ12: 0 | AR12: 62.2 | AS12: 42.7 | AT12: 71.29 | AU12: 0 | AV12: 0 | AW12: 423.86 | AX12: 54.59 | AY12: 318.22 | AZ12: 8.02 | BA12: 62.2 | BB12: 0 | BC12: 26 | BD12: 109 | BE12: 0 | BF12: 0 | BG12: 0 | BH12: 0 | BI12: 0 | BJ12: 0 | BK12: 0 | BL12: 0 | BM12: 400 | BN12: 800 | BO12: 0 | BP12: 0 | BQ12: 0 | BR12: 0 | BS12: 0 | BT12: 0 | BU12: 800 | BV12: 715 | BW12: NULL | BX12: 0 | BY12: 8 AHF-M | CA12: 800 | CB12: 62.2 | CC12: 620 | CD12: NULL | CE12: 62.2;62.2;62;61.3;60.6;58.3;55;49.3;42.7 | CF12: 0;40;50;60;65;70;71.5;70;65 | CG12: 0;100;140;198;245;335;415;520;620 | CI12: 2.5;2.5;3;4;5;6;8;11;0 | CK12: 25 | CL12: 62.214 .01328 .00237 -.002513109 4.4999E-05 | CM12: -0.006 13.38526 -0.9666864 0.032920758-0.000461441 | CN12: 2.484 -0.32139 0.1092623-0.006965208 0.000163678 | CO12: 0 | CP12: NULL | CQ12: NULL | CR12: 0 | CS12: 0 | CT12: HDF200 (8) | CX12: 0 | CY12: 2100 | CZ12: 0 | DA12: 0 | DB12: curves\ahf\8 ahf-m | DC12: 0 | DD12: 0 | DI12: 8 AHF | DJ12: FAHF8053QU1 | DK12: 200 | DQ12: FM | DR12: 260 | DS12: FFM | DT12: 425 | DU12: G | DV12: 600 | EW12: NULL | EX12: NULL | EY12: NULL | EZ12: NULL | FA12: 4 | FB12: NULL | FC12: 0 0 0 0 0 0 0 0 | FD12: 0 0 0 0 0 0 0 0 0 0 0 0 0 0 0 0 | FE12: 1.1111111e+31 | FF12: 0 | FG12: 0 | FH12: 0 | FI12: 0 | FJ12: 0 | FK12: 0 | FL12: 0 | FM12: 0 | FN12: 0 | FO12: 0 | FP12: 0 | FQ12: 0 | FR12: 0 | FS12: 0 | FT12: 0 | FU12: 0 | FV12: 0 | FW12: 0 | FX12: 0 | FY12: 0 | FZ12: 0 | GA12: 0 | GB12: 0 | GC12: 0 | GD12: 0 | GE12: NULL | GF12: NULL | GG12: NULL | GH12: 44648 | GI12: Curve loaded from Warman / Weir printed curve | GJ12: Gugu Khoza | GK12: Pieter du Plessis | GN12: 203 | GO12: 455 | GP12: 0 | GQ12: A | GR12: 44690 | GV12: NULL | GW12: NULL | GX12: NULL | GY12: NULL | GZ12: NULL | HA12: NULL | HB12: NULL | HC12: NULL | HD12: NULL | HE12: NULL | HH12: 0 | HI12: 0 | HJ12: 62.16 | HK12: 50.01 | HL12: 354.44 | HN12: NULL | IS12: 0 | IT12: 0 | IU12: 0 | IV12: 0 | IW12: 0 | IX12: 40.0 50.0 60.0 65.0 70.0 71.5 0.0 0.0 | IY12: 0 | IZ12: 0 | JA12: 0 | JB12: 0 | JC12: bar a | JD12: 400 500 550 600 650 700 750 800 | JE12: ||| | JF12: 0 | JH12: NULL | JI12: 0 | JJ12: NULL | JK12: 399.31 | JL12: 0 | JM12: 1
A13: AL20MG-460 | B13: SPSA | C13: SLURRY | D13: CLOSED | E13: AL | F13: METAL | G13: 4 | J13: WIP | N13: 3 | O13: 3 | P13: 1 | Q13: 12 | R13: 2 | S13: 0 | T13: 0 | U13: 0 | V13: NULL | W13: 1 | X13: 0 | Y13: 0 | Z13: 1 | AA13: 0 | AB13: 1 | AC13: 1 | AD13: 0 | AE13: 0 | AF13: 0 | AG13: 0 | AH13: l/sec | AI13: 1 | AJ13: m | AK13: 1 | AL13: 81.8 | AM13: 300 | AN13: 0 | AO13: 0 | AP13: 0 | AQ13: 0 | AR13: 102.1 | AS13: 67.7 | AT13: 72.15 | AU13: 0 | AV13: 0 | AW13: 222.78 | AX13: 81.45 | AY13: 246.56 | AZ13: 9.12 | BA13: 102.1 | BB13: 0 | BC13: 28 | BD13: 144 | BE13: 0 | BF13: 0 | BG13: 0 | BH13: 0 | BI13: 460 | BJ13: 460 | BK13: 460 | BL13: 50 | BM13: 600 | BN13: 1600 | BO13: 0 | BP13: 0 | BQ13: 0 | BR13: 0 | BS13: 0 | BT13: 0 | BU13: 1600 | BV13: 460 | BW13: NULL | BX13: 0 | BY13: AL20MG-460;AL20MG-460;AL20MG-460 | CA13: 600.00 1350.00 1600.00 | CB13: 14.1 71.8 102.1 | CC13: 124.6 260.3 300 | CD13: NULL | CE13: 14.1;14.1;13.3;12.9;12.5;11.6;11.6;10;8.7|71.8;70.6;68.9;67.2;64.8;62.3;57.7;53.1;49;46.5|102.1;99.2;96.3;93.8;90.9;88;84.7;81.4;78;74.3;69.7;67.7 | CF13: 0;50;60;65;69;71;71.5;71;68|0;50;60;65;69;73;71.1;71;69;68|0;50;60;65;69;71;72;72.4;72;71;69;68 | CG13: 0;30.4;43.4;52.7;63.8;76.9;93.6;108.5;124.6|0;68.8;94.8;114.7;137.6;157.4;191.5;222.5;249.8;260.3|0;81.8;113.4;135.7;161.8;182.9;201.4;221.3;244.2;264;290.1;300 | CI13: 1.2;1.1;1.1;1.1;1.2;1.3;1.6;1.8;2.2|6;5.9;6;5.7;5.5;5.7;6.7;8.2;9.8;10.5|8.7;8.5;8.3;7.9;7.8;8;8.5;9.1;10.1;11.2;13.2;13.9 | CK13: 10 25 25 | CL13: 14.111 .59782 -.2991066 .034302241 -.001362988 71.788 .82068 -.5172454 .029496215 -.000918237 102.102 .07837 -.31258 .002764903 .000240099 | CM13: 0.006 24.42908 -3.1893524 0.196451817-0.005029482 0.024 25.11229 -2.8637228 0.113204986-0.000912509 0.006 21.99576 -2.4343122 0.124315112-0.002906178 | CN13: 1.201 -0.04725 -0.0003347 0.001506306 -5.3248E-05 5.985 0.69725 -0.3670413 0.050920949 -0.00173615 8.694 0.62261 -0.3060652 0.035462328 -0.00093691 | CO13: 0.00 0.00 0.00 | CP13: NULL | CQ13: NULL | CR13: 69 | CS13: 0 | CT13: PC370 rev 1 | CU13: MG | CX13: 0 | CY13: 21 | CZ13: 0 | DA13: 0 | DC13: 0 | DD13: 0 | DJ13: AL200145ME-CR | DK13: 200 mm | DL13: 200 mm | DQ13: AL005ME | DR13: 300 | EW13: NULL | EX13: NULL | EY13: NULL | EZ13: NULL | FA13: 4 | FB13: NULL | FC13: 460 460 460 460 460 460 460 460 | FD13: 0 0 0 0 0 0 0 0 0 0 0 0 0 0 0 0 | FE13: 1.1111111e+31 | FF13: 0 | FG13: 0 | FH13: 0 | FI13: 0 | FJ13: 0 | FK13: 0 | FL13: 0 | FM13: 0 | FN13: 0 | FO13: 0 | FP13: 0 | FQ13: 0 | FR13: 0 | FS13: 0 | FT13: 0 | FU13: 0 | FV13: 0 | FW13: 0 | FX13: 0 | FY13: 0 | FZ13: 0 | GA13: 0 | GB13: 0 | GC13: 0 | GD13: 0 | GE13: NULL | GF13: NULL | GG13: NULL | GH13: 45484 | GJ13: TAS ONLINE | GK13: TAS ONLINE | GL13: 0 | GM13: 0 | GN13: 200 | GO13: 200 | GP13: 0 | GR13: 45485 | GV13: NULL | GW13: NULL | GX13: NULL | GY13: NULL | GZ13: NULL | HA13: NULL | HB13: NULL | HC13: NULL | HD13: NULL | HE13: NULL | HH13: 0 | HI13: 0 | HJ13: 101.74 | HK13: 73.72 | HL13: 272.64 | HN13: NULL | IS13: 0 | IT13: 0 | IU13: 0 | IV13: 0 | IW13: 0 | IX13: 50.0 60.0 65.0 69.0 71.0 72.0 0.0 0.0 | IY13: 0 | IZ13: 0 | JA13: 0 | JB13: 0 | JC13: bar a | JD13: 600 750 900 1050 1200 1350 1500 1600 | JE13: 40;524;0;300|283;18;0;110||628;505;0;15 | JF13: 2 | JG13: AL20MG-460.png | JH13: NULL | JI13: 0 | JJ13: NULL | JK13: 292.82 | JL13: 13.9 | JM13: 3
A14: 150 C5-M | B14: SPSA | C14: SLURRY | D14: CLOSED | E14: C5 | F14: METAL | G14: 4 | H14: FP5CHP | I14: WARMAN | J14: N/A | L14: C5 | M14: 150 C5-M | N14: 1 | O14: 1 | P14: 1 | Q14: 8 | R14: 2 | S14: 0 | T14: 0 | U14: 0 | V14: NULL | W14: 1 | X14: 0 | Y14: 0 | Z14: 1 | AA14: 0 | AB14: 1 | AC14: NULL | AD14: 0 | AE14: 0 | AF14: 0 | AG14: 0 | AH14: l/sec | AI14: 1 | AJ14: m | AK14: 1 | AL14: 40 | AM14: 180 | AN14: 0 | AO14: 0 | AP14: 0 | AQ14: 0 | AR14: 118 | AS14: 82.5 | AT14: 70.21 | AU14: 0 | AV14: 0 | AW14: 141.09 | AX14: 104.29 | AY14: 205.46 | AZ14: 7.08 | BA14: 118 | BB14: 0 | BC14: 18 | BD14: 138 | BE14: 0 | BF14: 0 | BG14: 0 | BH14: 0 | BI14: 0 | BJ14: 0 | BK14: 0 | BL14: 0 | BM14: 1000 | BN14: 1600 | BO14: 0 | BP14: 0 | BQ14: 0 | BR14: 0 | BS14: 0 | BT14: 0 | BU14: 1600 | BV14: 550 | BW14: NULL | BX14: 0 | BY14: 150 C5-M | CA14: 1600 | CB14: 118 | CC14: 180 | CD14: NULL | CE14: 118;124;124.5;122.7;120.5;109.4;89;82.5 | CF14: 0;50;60;64;66;70;66;0 | CG14: 0;40;59.8;80;92;129.5;169.5;180 | CI14: 2.5;2.5;2.5;2.6;2.8;5.67;10;10 | CK14: 10 | CL14: 117.996 2.31911 -.1803017 -.005623261 .000132715 | CM14: -0.024 20.86305 -2.6645207 0.163469853 -0.00385412 | CN14: 2.472 0.62866 -0.230187 0.024325088-0.000675292 | CP14: NULL | CQ14: NULL | CR14: 6 | CS14: 0 | CT14: DW150C (4) | CX14: 0 | CY14: 6990 | CZ14: 0 | DA14: 0 | DB14: curves\c5\150 c5-m | DC14: 0 | DD14: 0 | DI14: 150 C5 | DJ14: IMPC5 | DK14: 150C | DQ14: C5 | DR14: 300 | DS14: 0 | DT14: 0 | DU14: 0 | DV14: 0 | EW14: NULL | EX14: NULL | EY14: NULL | EZ14: NULL | FA14: 4 | FB14: NULL | FF14: 0 | FG14: 0 | FH14: 0 | FI14: 0 | FJ14: 0 | FK14: 0 | FL14: 0 | FM14: 0 | FN14: 0 | FO14: 0 | FP14: 0 | FQ14: 0 | FR14: 0 | FS14: 0 | FT14: 0 | FU14: 0 | FV14: 0 | FW14: 0 | FX14: 0 | FY14: 0 | FZ14: 0 | GA14: 0 | GB14: 0 | GC14: 0 | GD14: 0 | GE14: NULL | GF14: NULL | GG14: NULL | GH14: 44648 | GI14: Curve loaded from Warman / Weir printed curve | GJ14: Gugu Khoza | GK14: Pieter du Plessis | GN14: 203.2 | GO14: 152.4 | GP14: 0 | GQ14: A | GR14: 44648 | GV14: NULL | GW14: NULL | GX14: NULL | GY14: NULL | GZ14: NULL | HA14: NULL | HB14: NULL | HC14: NULL | HD14: NULL | HE14: NULL | HH14: 0 | HI14: 0 | HJ14: 124.06 | HK14: 89.19 | HL14: 224.03 | HN14: NULL | IS14: 0 | IT14: 0 | IU14: 0 | IV14: 0 | IW14: 0 | IX14: 50;60;64;66;70; | IY14: 0 | IZ14: 0 | JA14: 0 | JB14: 0 | JC14: bar a | JD14: 1000;1100;1200;1300;1400;1500;1600 | JF14: 0 | JH14: NULL | JI14: 0 | JJ14: NULL | JK14: 0 | JL14: 0 | JM14: 1
A15: CP150i 285 | B15: SPSA | C15: DEWATERING | D15: OPEN | E15: DIESEL DRIVEN | F15: METAL | G15: - | H15: - | I15: SPSA | J15: WIP | N15: 1 | O15: 1 | P15: 1 | Q15: 8 | R15: 2 | S15: 0 | T15: 0 | U15: 0 | V15: NULL | W15: 1 | X15: 0 | Y15: 0 | Z15: 1 | AA15: 0 | AB15: 1 | AC15: 1 | AD15: 1 | AE15: 0 | AF15: 0 | AG15: 0 | AH15: l/sec | AI15: 1 | AJ15: m | AK15: 1 | AL15: 26.3 | AM15: 173.3 | AN15: 0 | AO15: 0 | AP15: 0 | AQ15: 0 | AR15: 59.9 | AS15: 22.6 | AT15: 75.82 | AU15: 0 | AV15: 0 | AW15: 129.2 | AX15: 40.07 | AY15: 66.94 | AZ15: 4.58 | BA15: 59.9 | BB15: 0 | BC15: 50 | BD15: 253 | BE15: 0 | BF15: 0 | BG15: 0 | BH15: 0 | BI15: 0 | BJ15: 0 | BK15: 0 | BL15: 0 | BM15: 1400 | BN15: 2200 | BO15: 0 | BP15: 0 | BQ15: 0 | BR15: 0 | BS15: 0 | BT15: 0 | BU15: 2200 | BV15: 285 | BW15: NULL | BX15: 0 | BY15: CP150i | CA15: 2200 | CB15: 59.9 | CC15: 165.3 | CD15: NULL | CE15: 59.9;57.4;53.9;50.8;45.6;40.3;32.9;27.8 | CF15: 0;30;53;65;74;75;74;68.93 | CG15: 0;26.3;54.9;78.8;105.5;127.7;153.1;165.3 | CI15: 1.5;1.5;1.6;2.3;3.2;4.5;6.1;6.8 | CK15: 10 | CL15: 59.891 -.8315 -.047216 .001667029 -.000171976 | CM15: -0.057 13.61879 -0.8856632 0.033222542 -0.00085437 | CN15: 1.502 0.00397 -0.0148438 0.004319097 -0.00013668 | CO15: 0 | CP15: NULL | CQ15: NULL | CR15: 77 | CS15: 0 | CX15: 0 | CY15: 0 | CZ15: 0 | DA15: 0 | DC15: 0 | DD15: 0 | DR15: 70 | EW15: NULL | EX15: NULL | EY15: NULL | EZ15: NULL | FA15: 4 | FB15: NULL | FC15: 0 0 0 0 0 0 0 0 | FD15: 0 0 0 0 0 0 0 0 0 0 0 0 0 0 0 0 | FE15: 1.1111111e+19 | FF15: 0 | FG15: 0 | FH15: 0 | FI15: 0 | FJ15: 0 | FK15: 0 | FL15: 0 | FM15: 0 | FN15: 0 | FO15: 0 | FP15: 0 | FQ15: 0 | FR15: 0 | FS15: 0 | FT15: 0 | FU15: 0 | FV15: 0 | FW15: 0 | FX15: 0 | FY15: 0 | FZ15: 0 | GA15: 0 | GB15: 0 | GC15: 0 | GD15: 0 | GE15: NULL | GF15: NULL | GG15: NULL | GH15: 45321 | GJ15: TAS ONLINE | GK15: TAS ONLINE | GL15: 0 | GM15: 0 | GN15: 150 | GO15: 150 | GP15: 0 | GR15: 46160 | GV15: NULL | GW15: NULL | GX15: NULL | GY15: NULL | GZ15: NULL | HA15: NULL | HB15: NULL | HC15: NULL | HD15: NULL | HE15: NULL | HH15: 0 | HI15: 0 | HJ15: 57.4 | HK15: 31.93 | HL15: 66.8 | HN15: NULL | IS15: 0 | IT15: 0 | IU15: 0 | IV15: 0 | IW15: 0 | IX15: 53.0 65.0 72.0 74.0 0.0 0.0 0.0 0.0 | IY15: 0 | IZ15: 0 | JA15: 0 | JB15: 0 | JC15: bar a | JD15: 1400 1600 1800 2000 2200 0 0 0 | JE15: 49;544;0;200|524;38;0;65||599;524;0;10 | JF15: 2 | JG15: CP150i_285.png | JH15: NULL | JI15: 0 | JJ15: 0 | JK15: 65.36 | JL15: 0 | JM15: 1
A16: HH130i | B16: SPSA | C16: SLURRY | D16: OPEN | E16: DIESEL DRIVEN | F16: RUBBER | G16: - | H16: - | I16: SPSA | J16: WIP | N16: 2 | O16: 2 | P16: 1 | Q16: 7 | R16: 2 | S16: 0 | T16: 0 | U16: 0 | V16: NULL | W16: 1 | X16: 0 | Y16: 0 | Z16: 1 | AA16: 0 | AB16: 1 | AC16: 1 | AD16: 1 | AE16: 0 | AF16: 0 | AG16: 0 | AH16: l/sec | AI16: 1 | AJ16: m | AK16: 1 | AL16: 20.2 | AM16: 87.9 | AN16: 0 | AO16: 0 | AP16: 0 | AQ16: 0 | AR16: 148.4 | AS16: 86.3 | AT16: 60.08 | AU16: 0 | AV16: 0 | AW16: 61.01 | AX16: 130.52 | AY16: 129.95 | AZ16: 2.38 | BA16: 148.4 | BB16: 0 | BC16: 13 | BD16: 258 | BE16: 0 | BF16: 0 | BG16: 0 | BH16: 0 | BI16: 0 | BJ16: 0 | BK16: 0 | BL16: 0 | BM16: 1400 | BN16: 2000 | BO16: 0 | BP16: 0 | BQ16: 0 | BR16: 0 | BS16: 0 | BT16: 0 | BU16: 2000 | BV16: 465 | BW16: NULL | BX16: 0 | BY16: HH130i;HH130i | CA16: 1800.00 2000.00 | CB16: 120.2 148.4 | CC16: 79.6 87.9 | CD16: NULL | CE16: 120.2;116.5;112.3;106.7;101;93.7;86.3|148.4;144;141.7;132.6;123.6;115.4;106.4 | CF16: 0;38.45;57.69;58;59;54.58;48|0;41.41;52.79;59.45;60;56;52 | CG16: 0;20.2;39.3;52.8;61.9;71.3;79.6|0;22;34.2;57.1;71.1;79.4;87.9 | CI16: 0;0;0;0;0;0;0|1.5;1.7;1.7;2.5;3;3.7;6.5 | CK16: 5 5 | CL16: 120.204 -1.47814 .2375264 -.027233778 .000611685 148.394 -1.3515 .1463752 -.015171591 .000197835 | CM16: -0.062 12.65459 -0.81049 0.016252474-0.000207169 -0.02 14.01992 -1.2647921 0.057351752-0.001206941 | CN16: 0 0 0 0 0 1.525 -0.4757 0.1724101 -0.01747358 0.000574455 | CO16: 0.00 0.00 | CP16: NULL | CQ16: NULL | CR16: 30 | CS16: 0 | CX16: 0 | CY16: 0 | CZ16: 0 | DA16: 0 | DC16: 0 | DD16: 0 | EW16: NULL | EX16: NULL | EY16: NULL | EZ16: NULL | FA16: 4 | FB16: NULL | FC16: 0 0 0 0 0 0 0 0 | FD16: 0 0 0 0 0 0 0 0 0 0 0 0 0 0 0 0 | FE16: 1.1111111e+31 | FF16: 0 | FG16: 0 | FH16: 0 | FI16: 0 | FJ16: 0 | FK16: 0 | FL16: 0 | FM16: 0 | FN16: 0 | FO16: 0 | FP16: 0 | FQ16: 0 | FR16: 0 | FS16: 0 | FT16: 0 | FU16: 0 | FV16: 0 | FW16: 0 | FX16: 0 | FY16: 0 | FZ16: 0 | GA16: 0 | GB16: 0 | GC16: 0 | GD16: 0 | GE16: NULL | GF16: NULL | GG16: NULL | GH16: 45323 | GJ16: TAS ONLINE | GK16: TAS ONLINE | GL16: 0 | GM16: 0 | GN16: 150 | GO16: 150 | GP16: 0 | GR16: 45345 | GV16: NULL | GW16: NULL | GX16: NULL | GY16: NULL | GZ16: NULL | HA16: NULL | HB16: NULL | HC16: NULL | HD16: NULL | HE16: NULL | HH16: 0 | HI16: 0 | HJ16: 144.38 | HK16: 121.45 | HL16: 148.62 | HN16: NULL | IS16: 0 | IT16: 0 | IU16: 0 | IV16: 0 | IW16: 0 | IX16: 55.0 57.0 58.0 59.0 0.0 0.0 0.0 0.0 | IY16: 0 | IZ16: 0 | JA16: 0 | JB16: 0 | JC16: bar a | JD16: 1400 1500 1600 1700 1700 1800 1900 2000 | JE16: 43;537;0;100|601;34;0;160||600;529;0;10 | JF16: 2 | JG16: HH130i.png | JH16: NULL | JI16: 0 | JJ16: NULL | JK16: 176.33 | JL16: 6.5 | JM16: 2
A17: HL160M | B17: SPSA | C17: DEWATERING | D17: OPEN | E17: DIESEL DRIVEN | F17: RUBBER | G17: - | H17: - | I17: SPSA | J17: WIP | N17: 1 | O17: 1 | P17: 1 | Q17: 11 | R17: 2 | S17: 0 | T17: 0 | U17: 0 | V17: NULL | W17: 1 | X17: 0 | Y17: 0 | Z17: 1 | AA17: 0 | AB17: 1 | AC17: 1 | AD17: 1 | AE17: 0 | AF17: 0 | AG17: 0 | AH17: m^3/hr | AI17: 0.2777 | AJ17: m | AK17: 1 | AL17: 100.6 | AM17: 486.1 | AN17: 0 | AO17: 0 | AP17: 0 | AQ17: 0 | AR17: 188.4 | AS17: 108.4 | AT17: 61.67 | AU17: 0 | AV17: 0 | AW17: 339.39 | AX17: 161.07 | AY17: 241.32 | AZ17: 3.14 | BA17: 188.4 | BB17: 0 | BC17: 14 | BD17: 260 | BE17: 0 | BF17: 0 | BG17: 0 | BH17: 0 | BI17: 435 | BJ17: 508 | BK17: 0 | BL17: 0 | BM17: 1200 | BN17: 2000 | BO17: 0 | BP17: 0 | BQ17: 0 | BR17: 0 | BS17: 0 | BT17: 0 | BU17: 2000 | BV17: 508 | BW17: NULL | BX17: 0 | BY17: HL160M | CA17: 2000 | CB17: 188.4 | CC17: 486.1 | CD17: NULL | CE17: 188.4;186.3;184.2;176.8;168.4;161.1;153.7;142.1;131.6;120;108.4 | CF17: 0;33;50;58;61;62;61;59;56;52;47.8 | CG17: 0;100.6;187.4;251.6;303;335.1;368.3;404.7;440;464.7;486.1 | CI17: 2.2;2.2;2.3;2.4;2.8;3.1;3.5;4;4.5;4.9;5.4 | CK17: 25 | CL17: 188.217 .03936 -.0484947 -.005553978 -.000142785 | CM17: 0.006 10.37565 -0.6216927 0.021404689-0.000532624 | CN17: 2.199 0.04185 -0.0162472 0.001788589 -3.2608E-05 | CO17: 0 | CP17: NULL | CQ17: NULL | CR17: 35 | CS17: 0 | CX17: 0 | CY17: 0 | CZ17: 0 | DA17: 0 | DC17: 0 | DD17: 0 | EW17: NULL | EX17: NULL | EY17: NULL | EZ17: NULL | FA17: 4 | FB17: NULL | FC17: 0 0 0 0 0 0 0 0 | FD17: 0 0 0 0 0 0 0 0 0 0 0 0 0 0 0 0 | FE17: 1.1111111e+19 | FF17: 0 | FG17: 0 | FH17: 0 | FI17: 0 | FJ17: 0 | FK17: 0 | FL17: 0 | FM17: 0 | FN17: 0 | FO17: 0 | FP17: 0 | FQ17: 0 | FR17: 0 | FS17: 0 | FT17: 0 | FU17: 0 | FV17: 0 | FW17: 0 | FX17: 0 | FY17: 0 | FZ17: 0 | GA17: 0 | GB17: 0 | GC17: 0 | GD17: 0 | GE17: NULL | GF17: NULL | GG17: NULL | GH17: 45327 | GJ17: TAS ONLINE | GK17: TAS ONLINE | GN17: 0 | GO17: 0 | GP17: 0 | GR17: 45345 | GV17: NULL | GW17: NULL | GX17: NULL | GY17: NULL | GZ17: NULL | HA17: NULL | HB17: NULL | HC17: NULL | HD17: NULL | HE17: NULL | HH17: 0 | HI17: 0 | HJ17: 187.19 | HK17: 141.92 | HL17: 266.4 | HN17: NULL | IS17: 0 | IT17: 0 | IU17: 0 | IV17: 0 | IW17: 0 | IX17: 48.0 52.0 55.0 58.0 61.0 0.0 0.0 0.0 | IY17: 0 | IZ17: 0 | JA17: 0 | JB17: 0 | JC17: bar a | JD17: 1200 1400 1600 1800 2000 0 0 0 | JE17: 34;501;0;500|208;18;0;200||614;521;0;6 | JF17: 2 | JG17: HL160M.png | JH17: NULL | JI17: 0 | JJ17: NULL | JK17: 300.13 | JL17: 0 | JM17: 1
A18: HL225M | B18: SPSA | C18: SLURRY | D18: OPEN | E18: DIESEL DRIVEN | F18: RUBBER | G18: - | H18: - | I18: SPSA | J18: WIP | N18: 1 | O18: 1 | P18: 1 | Q18: 10 | R18: 2 | S18: 0 | T18: 0 | U18: 0 | V18: NULL | W18: 1 | X18: 0 | Y18: 0 | Z18: 1 | AA18: 0 | AB18: 1 | AC18: 1 | AD18: 1 | AE18: 0 | AF18: 0 | AG18: 0 | AH18: m^3/hr | AI18: 0.2777 | AJ18: m | AK18: 1 | AL18: 136.7 | AM18: 831.6 | AN18: 0 | AO18: 0 | AP18: 0 | AQ18: 0 | AR18: 114.3 | AS18: 78.3 | AT18: 70.52 | AU18: 0 | AV18: 0 | AW18: 694.64 | AX18: 91.91 | AY18: 246.48 | AZ18: 4.77 | BA18: 114.3 | BB18: 0 | BC18: 30 | BD18: 272 | BE18: 0 | BF18: 0 | BG18: 0 | BH18: 0 | BI18: 440 | BJ18: 360 | BK18: 0 | BL18: 0 | BM18: 1200 | BN18: 2000 | BO18: 0 | BP18: 0 | BQ18: 0 | BR18: 0 | BS18: 0 | BT18: 0 | BU18: 2000 | BV18: 440 | BW18: NULL | BX18: 0 | BY18: HL225M | CA18: 2000 | CB18: 114.3 | CC18: 831.6 | CD18: NULL | CE18: 114.3;112.3;107.5;101.4;95.3;92.6;89.8;87.1;83.7;78.3 | CF18: 0;25;45;60;68;70;71;70;68;65 | CG18: 0;136.7;279.1;440.5;600;674.1;732.9;770.9;801.3;831.6 | CI18: 2.4;2.3;2.4;2.5;3.9;4.6;5.2;5.7;6;6.7 | CK18: 25 | CL18: 114.15 .53659 -.1896653 .00928703 -.000150896 | CM18: -0.164 5.62648 -0.1956952 0.005418318 -8.5087E-05 | CN18: 2.394 0.01777 -0.0078666 0.00055916 -6.774E-06 | CO18: 0 | CP18: NULL | CQ18: NULL | CR18: 65 | CS18: 0 | CX18: 0 | CY18: 0 | CZ18: 0 | DA18: 0 | DC18: 0 | DD18: 0 | EW18: NULL | EX18: NULL | EY18: NULL | EZ18: NULL | FA18: 4 | FB18: NULL | FC18: 0 0 0 0 0 0 0 0 | FD18: 0 0 0 0 0 0 0 0 0 0 0 0 0 0 0 0 | FE18: 1.1111111e+19 | FF18: 0 | FG18: 0 | FH18: 0 | FI18: 0 | FJ18: 0 | FK18: 0 | FL18: 0 | FM18: 0 | FN18: 0 | FO18: 0 | FP18: 0 | FQ18: 0 | FR18: 0 | FS18: 0 | FT18: 0 | FU18: 0 | FV18: 0 | FW18: 0 | FX18: 0 | FY18: 0 | FZ18: 0 | GA18: 0 | GB18: 0 | GC18: 0 | GD18: 0 | GE18: NULL | GF18: NULL | GG18: NULL | GH18: 45327 | GJ18: TAS ONLINE | GK18: TAS ONLINE | GL18: 0 | GM18: 0 | GN18: 0 | GO18: 0 | GP18: 0 | GR18: 45345 | GV18: NULL | GW18: NULL | GX18: NULL | GY18: NULL | GZ18: NULL | HA18: NULL | HB18: NULL | HC18: NULL | HD18: NULL | HE18: NULL | HH18: 0 | HI18: 0 | HJ18: 112.8 | HK18: 78.94 | HL18: 273.25 | HN18: NULL | IS18: 0 | IT18: 0 | IU18: 0 | IV18: 0 | IW18: 0 | IX18: 25.0 45.0 60.0 65.0 68.0 70.0 0.0 0.0 | IY18: 0 | IZ18: 0 | JA18: 0 | JB18: 0 | JC18: bar a | JD18: 1200 1400 1600 1800 2000 0 0 0 | JE18: 30;504;0;900|204;13;0;130||614;521;0;8 | JF18: 2 | JG18: HL225M.png | JH18: NULL | JI18: 0 | JJ18: NULL | JK18: 272.73 | JL18: 0 | JM18: 1
A19: HL250M | B19: SPSA | C19: DEWATERING | D19: OPEN | E19: DIESEL DRIVEN | F19: RUBBER | G19: - | H19: 95-1114-1098 | I19: SPSA | J19: WIP | N19: 1 | O19: 1 | P19: 1 | Q19: 11 | R19: 2 | S19: 0 | T19: 0 | U19: 0 | V19: NULL | W19: 1 | X19: 0 | Y19: 0 | Z19: 1 | AA19: 0 | AB19: 1 | AC19: 1 | AD19: 1 | AE19: 0 | AF19: 0 | AG19: 0 | AH19: m^3/hr | AI19: 0.2777 | AJ19: m | AK19: 1 | AL19: 358.6 | AM19: 1224 | AN19: 0 | AO19: 0 | AP19: 0 | AQ19: 0 | AR19: 123.4 | AS19: 38.4 | AT19: 74.87 | AU19: 0 | AV19: 0 | AW19: 863.3 | AX19: 92.07 | AY19: 289.04 | AZ19: 3.6 | BA19: 123.4 | BB19: 0 | BC19: 33 | BD19: 375 | BE19: 0 | BF19: 0 | BG19: 0 | BH19: 0 | BI19: 360 | BJ19: 440 | BK19: 0 | BL19: 0 | BM19: 1200 | BN19: 2000 | BO19: 0 | BP19: 0 | BQ19: 0 | BR19: 0 | BS19: 0 | BT19: 0 | BU19: 2000 | BV19: 440 | BW19: NULL | BX19: 0 | BY19: HL250M | CA19: 2000 | CB19: 123.4 | CC19: 1224 | CD19: NULL | CE19: 123.4;121.2;118.2;112.9;103.1;92.6;81.3;71.5;61.7;50.4;38.4 | CF19: 0;28;50;65;72;75;72;68;62;52;40.99 | CG19: 0;159.7;358.6;540.7;700.4;843.3;958.2;1056;1126;1182;1224 | CI19: 2;2;2;2.2;2.8;3.5;4.2;5;5.5;6;6.4 | CK19: 100 | CL19: 122.888 1.09106 -1.0114503 .112680105 -.006724493 | CM19: -0.194 22.31012 -3.2667622 0.328812206-0.015318539 | CN19: 2.006 0.02167 -0.0352495 0.009033729-0.000319837 | CO19: 0 | CP19: NULL | CQ19: NULL | CR19: 65 | CS19: 0 | CX19: 0 | CY19: 0 | CZ19: 0 | DA19: 0 | DC19: 0 | DD19: 0 | EW19: NULL | EX19: NULL | EY19: NULL | EZ19: NULL | FA19: 4 | FB19: NULL | FC19: 0 0 0 0 0 0 0 0 | FD19: 0 0 0 0 0 0 0 0 0 0 0 0 0 0 0 0 | FE19: 1.1111111e+19 | FF19: 0 | FG19: 0 | FH19: 0 | FI19: 0 | FJ19: 0 | FK19: 0 | FL19: 0 | FM19: 0 | FN19: 0 | FO19: 0 | FP19: 0 | FQ19: 0 | FR19: 0 | FS19: 0 | FT19: 0 | FU19: 0 | FV19: 0 | FW19: 0 | FX19: 0 | FY19: 0 | FZ19: 0 | GA19: 8 | GB19: 4 | GC19: 1 | GD19: 2 | GE19: NULL | GF19: NULL | GG19: NULL | GH19: 45321 | GJ19: TAS ONLINE | GK19: TAS ONLINE | GL19: 0 | GM19: 0 | GN19: 0 | GO19: 0 | GP19: 0 | GR19: 45345 | GV19: NULL | GW19: NULL | GX19: NULL | GY19: NULL | GZ19: NULL | HA19: NULL | HB19: NULL | HC19: NULL | HD19: NULL | HE19: NULL | HH19: 0 | HI19: 0 | HJ19: 122.47 | HK19: 73.47 | HL19: 298.25 | HN19: NULL | IS19: 0 | IT19: 0 | IU19: 0 | IV19: 0 | IW19: 0 | IX19: 41.0 50.0 65.0 72.0 0.0 0.0 0.0 0.0 | IY19: 0 | IZ19: 0 | JA19: 0 | JB19: 0 | JC19: bar a | JD19: 1200 1400 1600 1800 2000 0 0 0 | JE19: 44;508;0;1300|216;30;0;140||616;525;0;8 | JF19: 2 | JG19: HL250M.png | JH19: NULL | JI19: 0 | JJ19: NULL | JK19: 312.18 | JL19: 0 | JM19: 1
A20: PAC H108 | B20: SPSA | C20: SLURRY | D20: OPEN | E20: DIESEL DRIVEN | F20: RUBBER | G20: - | H20: - | I20: SPSA | J20: WIP | N20: 1 | O20: 1 | P20: 1 | Q20: 8 | R20: 2 | S20: 0 | T20: 0 | U20: 0 | V20: NULL | W20: 1 | X20: 0 | Y20: 0 | Z20: 1 | AA20: 0 | AB20: 1 | AC20: 1 | AD20: 1 | AE20: 0 | AF20: 0 | AG20: 0 | AH20: m^3/hr | AI20: 0.2777 | AJ20: m | AK20: 1 | AL20: 233.2 | AM20: 1560 | AN20: 0 | AO20: 0 | AP20: 0 | AQ20: 276 | AR20: 109.4 | AS20: 10.4 | AT20: 81.22 | AU20: 0 | AV20: 0 | AW20: 1211.19 | AX20: 60.56 | AY20: 245.88 | AZ20: 6.36 | BA20: 109.4 | BB20: 0 | BC20: 48 | BD20: 261 | BE20: 0 | BF20: 0 | BG20: 0 | BH20: 0 | BI20: 0 | BJ20: 0 | BK20: 0 | BL20: 0 | BM20: 1200 | BN20: 1800 | BO20: 0 | BP20: 0 | BQ20: 0 | BR20: 0 | BS20: 0 | BT20: 0 | BU20: 1800 | BV20: 425 | BW20: NULL | BX20: 0 | BY20: PAC H108 | CA20: 1800 | CB20: 109.4 | CC20: 1556 | CD20: NULL | CE20: 109.4;96;90.8;82.5;73.8;62.5;52.1;44.8 | CF20: 0;60;70;75;79;82;79;74.8 | CG20: 0;381.9;526.6;707.5;908.5;1166;1403;1556 | CI20: 2.8;2.9;2.6;3.2;4.5;5.9;7.9;9.1 | CK20: 100 | CL20: 109.376 -2.66635 -.2596158 .017635566 -.000453996 | CM20: 0.005 26.06281 -3.4615981 0.221660255-0.005594518 | CN20: 2.818 -0.02083 -0.028383 0.007662608 -0.00026288 | CO20: 0 | CP20: NULL | CQ20: NULL | CR20: 89 | CS20: 0 | CX20: 0 | CY20: 0 | CZ20: 0 | DA20: 0 | DC20: 0 | DD20: 0 | EW20: NULL | EX20: NULL | EY20: NULL | EZ20: NULL | FA20: 4 | FB20: NULL | FC20: 0 0 0 0 0 0 0 0 | FD20: 0 0 0 0 0 0 0 0 0 0 0 0 0 0 0 0 | FE20: 1.1111111e+15 | FF20: 0 | FG20: 0 | FH20: 0 | FI20: 0 | FJ20: 0 | FK20: 0 | FL20: 0 | FM20: 0 | FN20: 0 | FO20: 0 | FP20: 0 | FQ20: 0 | FR20: 0 | FS20: 0 | FT20: 0 | FU20: 0 | FV20: 0 | FW20: 0 | FX20: 0 | FY20: 0 | FZ20: 0 | GA20: 0 | GB20: 0 | GC20: 0 | GD20: 0 | GE20: NULL | GF20: NULL | GG20: NULL | GH20: 45328 | GJ20: TAS ONLINE | GK20: TAS ONLINE | GN20: 0 | GO20: 0 | GP20: 0 | GR20: 45345 | GV20: NULL | GW20: NULL | GX20: NULL | GY20: NULL | GZ20: NULL | HA20: NULL | HB20: NULL | HC20: NULL | HD20: NULL | HE20: NULL | HH20: 0 | HI20: 0 | HJ20: 96.29 | HK20: 49.67 | HL20: 250.45 | HN20: NULL | IS20: 0 | IT20: 0 | IU20: 0 | IV20: 0 | IW20: 0 | IX20: 60.0 70.0 75.0 78.0 80.0 0.0 0.0 0.0 | IY20: 0 | IZ20: 0 | JA20: 0 | JB20: 0 | JC20: bar a | JD20: 1200 1400 1600 1800 0 0 0 0 | JE20: 66;464;0;1600|587;107;0;100||586;491;0;10 | JF20: 2 | JG20: PAC_H108_.png | JH20: NULL | JI20: 0 | JJ20: NULL | JK20: 253.72 | JL20: 0 | JM20: 1
A21: PAC H108 BACK | B21: SPSA | C21: SLURRY | D21: OPEN | E21: DIESEL DRIVEN | F21: RUBBER | G21: - | H21: - | I21: SPSA | J21: WIP | N21: 4 | O21: 4 | P21: 1 | Q21: 8 | R21: 2 | S21: 0 | T21: 0 | U21: 0 | V21: NULL | W21: 0 | X21: 0 | Y21: 0 | Z21: 1 | AA21: 0 | AB21: 1 | AC21: 1 | AD21: 1 | AE21: 0 | AF21: 0 | AG21: 0 | AH21: m^3/hr | AI21: 0.2777 | AJ21: m | AK21: 1 | AL21: 233.2 | AM21: 1560 | AN21: 0 | AO21: 0 | AP21: 0 | AQ21: 0 | AR21: 109.4 | AS21: 10.4 | AT21: 81.22 | AU21: 0 | AV21: 0 | AW21: 1211.19 | AX21: 60.56 | AY21: 245.88 | AZ21: 6.36 | BA21: 109.4 | BB21: 0 | BC21: 48 | BD21: 261 | BE21: 0 | BF21: 0 | BG21: 0 | BH21: 0 | BI21: 0 | BJ21: 0 | BK21: 0 | BL21: 0 | BM21: 1200 | BN21: 1800 | BO21: 0 | BP21: 0 | BQ21: 0 | BR21: 0 | BS21: 0 | BT21: 0 | BU21: 1800 | BV21: 425 | BW21: NULL | BX21: 0 | BY21: PAC H108 BACK;PAC H108 BACK;PAC H108 BACK;PAC H108 BACK | CA21: 1200.00 1400.00 1600.00 1800.00 | CB21: 48.8 66.2 86 109.4 | CC21: 1266 1423 1552 1556 | CD21: NULL | CE21: 48.8;43.1;41;38.3;34.2;27.9;22.1;17.9;10.4|66.2;58.1;55.4;51;45.4;38.1;30.2;26.5;17.3|86;75.8;71.9;65.4;58.5;48.5;40.4;35;27.5|109.4;96;90.8;82.5;73.8;62.5;52.1;44.8 | CF21: 0;60;70;75;79;82;79;75;59|0;60;70;75;79;82;79;75;57|0;60;70;75;79;82;79;75;71|0;60;70;75;79;82;79;74.8 | CG21: 0;233.2;321.6;426.1;554.8;771.9;964.8;1085;1266|0;297.5;385.9;514.6;671.4;900.5;1118;1226;1423|0;353.8;462.3;619.1;783.9;1045;1262;1391;1552|0;381.9;526.6;707.5;908.5;1166;1403;1556 | CI21: 0;0;0;0;0;0;79;0;0|0;0;0;0;0;0;0;0;0|2.6;2.7;2.1;2.5;3.5;4.9;6.5;7.6;8.9|2.8;2.9;2.6;3.2;4.5;5.9;7.9;9.1 | CK21: 100 100 100 100 | CL21: 48.765 -1.92707 -.2289179 .025735989 -.001147583 66.192 -1.88446 -.3700055 .038131144 -.001390225 85.986 -1.40422 -.5555037 .048070736 -.001423578 109.376 -2.66635 -.2596158 .017635566 -.000453996 | CM21: 0.146 39.79613 -7.5546531 0.655843751-0.021997753 -0.019 33.05449 -5.3616357 0.412874865-0.012618282 0.061 26.55533 -3.3263745 0.192858046-0.004505582 0.005 26.06281 -3.4615981 0.221660255-0.005594518 | CN21: 0 0 0 0 0 0 0 0 0 0 2.63 -0.06721 -0.0269581 0.008133121 -0.00028664 2.818 -0.02083 -0.028383 0.007662608 -0.00026288 | CO21: 0.00 0.00 0.00 0.00 | CP21: NULL | CQ21: NULL | CR21: 0 | CS21: 0 | CX21: 0 | CY21: 0 | CZ21: 0 | DA21: 0 | DC21: 0 | DD21: 0 | EW21: NULL | EX21: NULL | EY21: NULL | EZ21: NULL | FA21: 4 | FB21: NULL | FC21: 0 0 0 0 0 0 0 0 | FD21: 0 0 0 0 0 0 0 0 0 0 0 0 0 0 0 0 | FE21: 1.1111111e+15 | FF21: 0 | FG21: 0 | FH21: 0 | FI21: 0 | FJ21: 0 | FK21: 0 | FL21: 0 | FM21: 0 | FN21: 0 | FO21: 0 | FP21: 0 | FQ21: 0 | FR21: 0 | FS21: 0 | FT21: 0 | FU21: 0 | FV21: 0 | FW21: 0 | FX21: 0 | FY21: 0 | FZ21: 0 | GA21: 0 | GB21: 0 | GC21: 0 | GD21: 0 | GE21: NULL | GF21: NULL | GG21: NULL | GH21: 45341 | GJ21: TAS ONLINE | GK21: TAS ONLINE | GN21: 0 | GO21: 0 | GP21: 0 | GR21: 45345 | GV21: NULL | GW21: NULL | GX21: NULL | GY21: NULL | GZ21: NULL | HA21: NULL | HB21: NULL | HC21: NULL | HD21: NULL | HE21: NULL | HH21: 0 | HI21: 0 | HJ21: 101.96 | HK21: 49.67 | HL21: 250.45 | HN21: NULL | IS21: 0 | IT21: 0 | IU21: 0 | IV21: 0 | IW21: 0 | IX21: 60.0 70.0 75.0 77.0 79.0 0.0 0.0 0.0 | IY21: 0 | IZ21: 0 | JA21: 0 | JB21: 0 | JC21: bar a | JD21: 1200 1400 1600 1800 0 0 0 0 | JE21: 66;464;0;1600|587;107;0;100||586;491;0;10 | JF21: 2 | JH21: NULL | JI21: 0 | JJ21: NULL | JK21: 253.72 | JL21: 9.1 | JM21: 4
A22: PAC H64 FSC03 | B22: SPSA | C22: DEWATERING | D22: OPEN | E22: DIESEL DRIVEN | F22: RUBBER | G22: - | H22: - | I22: SPSA | J22: WIP | N22: 2 | O22: 2 | P22: 1 | Q22: 7 | R22: 2 | S22: 0 | T22: 0 | U22: 0 | V22: NULL | W22: 1 | X22: 0 | Y22: 0 | Z22: 1 | AA22: 0 | AB22: 1 | AC22: 1 | AD22: 0 | AE22: 0 | AF22: 0 | AG22: 0 | AH22: m^3/hr | AI22: 0.2777 | AJ22: m | AK22: 1 | AL22: 194.8 | AM22: 580.9 | AN22: 0 | AO22: 0 | AP22: 0 | AQ22: 0 | AR22: 152.7 | AS22: 115 | AT22: 68.83 | AU22: 0 | AV22: 0 | AW22: 506.12 | AX22: 122.17 | AY22: 244.58 | AZ22: 4.36 | BA22: 153.4 | BB22: 0 | BC22: 21 | BD22: 261 | BE22: 0 | BF22: 0 | BG22: 0 | BH22: 0 | BI22: 0 | BJ22: 0 | BK22: 0 | BL22: 0 | BM22: 1200 | BN22: 2100 | BO22: 0 | BP22: 0 | BQ22: 0 | BR22: 0 | BS22: 0 | BT22: 0 | BU22: 2100 | BV22: 425 | BW22: NULL | BX22: 0 | BY22: PAC H64 FSC03;PAC H64 FSC03 | CA22: 1800.00 2100.00 | CB22: 112.9 153.4 | CC22: 579.1 582.6 | CD22: NULL | CE22: 112.9;104.2;100.8;97.7;86.2;79.3|153.4;147.5;141;137.8;131.9;119.1;115 | CF22: 0;50;60;65;68;66|0;35;50;60;65;69;66 | CG22: 0;173.9;267.8;333.9;490.4;579.1|0;107.8;194.8;300.9;391.3;532.2;582.6 | CI22: 3.3;3.4;3.4;3.7;5.1;6.9|2.4;2.3;2.2;2.6;3.2;4.7;5.9 | CK22: 25 25 | CL22: 112.902 -2.32329 .2532139 -.016487856 .000310063 153.591 -2.12259 .1456607 -.008352375 .000125939 | CM22: 0.012 11.57404 -0.816419 0.029310349-0.000445917 -0.054 11.45773 -0.9197273 0.040240846-0.000713981 | CN22: 3.301 0.0462 -0.0083239 0.000443809 5.122E-06 2.418 -0.10745 0.0174719-0.000940023 2.8298E-05 | CO22: 0.00 0.00 | CP22: NULL | CQ22: NULL | CR22: 76 | CS22: 0 | CX22: 0 | CY22: 0 | CZ22: 0 | DA22: 0 | DC22: 0 | DD22: 0 | EW22: NULL | EX22: NULL | EY22: NULL | EZ22: NULL | FA22: 4 | FB22: NULL | FC22: 0 0 0 0 0 0 0 0 | FD22: 0 0 0 0 0 0 0 0 0 0 0 0 0 0 0 0 | FE22: 1.1111111e+23 | FF22: 0 | FG22: 0 | FH22: 0 | FI22: 0 | FJ22: 0 | FK22: 0 | FL22: 0 | FM22: 0 | FN22: 0 | FO22: 0 | FP22: 0 | FQ22: 0 | FR22: 0 | FS22: 0 | FT22: 0 | FU22: 0 | FV22: 0 | FW22: 0 | FX22: 0 | FY22: 0 | FZ22: 0 | GA22: 0 | GB22: 0 | GC22: 0 | GD22: 0 | GE22: NULL | GF22: NULL | GG22: NULL | GH22: 45328 | GJ22: TAS ONLINE | GK22: TAS ONLINE | GN22: 0 | GO22: 0 | GP22: 0 | GR22: 45345 | GV22: NULL | GW22: NULL | GX22: NULL | GY22: NULL | GZ22: NULL | HA22: NULL | HB22: NULL | HC22: NULL | HD22: NULL | HE22: NULL | HH22: 0 | HI22: 0 | HJ22: 143.36 | HK22: 112.1 | HL22: 290.73 | HN22: NULL | IS22: 0 | IT22: 0 | IU22: 0 | IV22: 0 | IW22: 0 | IX22: 50.0 60.0 65.0 0.0 0.0 0.0 0.0 0.0 | IY22: 0 | IZ22: 0 | JA22: 0 | JB22: 0 | JC22: bar a | JD22: 1200 1400 1600 1800 2000 2100 0 0 | JE22: 60;405;0;600|592;130;0;160||591;475;0;10 | JF22: 2 | JG22: PAC_H64_FSC03.png | JH22: NULL | JI22: 0 | JJ22: NULL | JK22: 276.38 | JL22: 5.9 | JM22: 2
A23: PAS 150HF 300 | B23: SPSA | C23: DEWATERING | D23: OPEN | E23: DIESEL DRIVEN | F23: RUBBER | G23: - | H23: - | I23: SPSA | J23: WIP | N23: 1 | O23: 1 | P23: 1 | Q23: 7 | R23: 2 | S23: 0 | T23: 0 | U23: 0 | V23: NULL | W23: 0 | X23: 0 | Y23: 0 | Z23: 1 | AA23: 0 | AB23: 1 | AC23: 1 | AD23: 1 | AE23: 0 | AF23: 0 | AG23: 0 | AH23: m^3/hr | AI23: 0.2777 | AJ23: m | AK23: 1 | AL23: 169.2 | AM23: 516.9 | AN23: 0 | AO23: 0 | AP23: 0 | AQ23: 0 | AR23: 50.1 | AS23: 22.6 | AT23: 69.83 | AU23: 0 | AV23: 0 | AW23: 392.06 | AX23: 35.81 | AY23: 54.73 | AZ23: 6.03 | BA23: 50.1 | BB23: 0 | BC23: 50 | BD23: 189 | BE23: 0 | BF23: 0 | BG23: 0 | BH23: 0 | BI23: 0 | BJ23: 0 | BK23: 0 | BL23: 0 | BM23: 1000 | BN23: 2200 | BO23: 0 | BP23: 0 | BQ23: 0 | BR23: 0 | BS23: 0 | BT23: 0 | BU23: 2200 | BV23: 300 | BW23: NULL | BX23: 0 | BY23: PAS 150HF 300 | CA23: 2200 | CB23: 50.1 | CC23: 516.9 | CD23: NULL | CE23: 50.1;44.6;43;40.3;35.8;29.7;22.6 | CF23: 0;40;50;63;70;65;55 | CG23: 0;169.2;215.2;295.2;391;465.7;516.9 | CI23: 4;4.2;4.5;5.1;6;7.1;8.1 | CK23: 25 | CL23: 50.099 -.4328 -.116325 .011570693 -.000388894 | CM23: -0.003 5.82664 0.0785364-0.008577721-0.000127117 | CN23: 3.999 -0.14387 0.0379639-0.002166505 5.4734E-05 | CO23: 0 | CP23: NULL | CQ23: NULL | CR23: 0 | CS23: 0 | CX23: 0 | CY23: 0 | CZ23: 0 | DA23: 0 | DC23: 0 | DD23: 0 | EW23: NULL | EX23: NULL | EY23: NULL | EZ23: NULL | FA23: 4 | FB23: NULL | FC23: 0 0 0 0 0 0 0 0 | FD23: 0 0 0 0 0 0 0 0 0 0 0 0 0 0 0 0 | FE23: 1.1111111e+23 | FF23: 0 | FG23: 0 | FH23: 0 | FI23: 0 | FJ23: 0 | FK23: 0 | FL23: 0 | FM23: 0 | FN23: 0 | FO23: 0 | FP23: 0 | FQ23: 0 | FR23: 0 | FS23: 0 | FT23: 0 | FU23: 0 | FV23: 0 | FW23: 0 | FX23: 0 | FY23: 0 | FZ23: 0 | GA23: 0 | GB23: 0 | GC23: 0 | GD23: 0 | GE23: NULL | GF23: NULL | GG23: NULL | GH23: 45328 | GJ23: TAS ONLINE | GK23: TAS ONLINE | GL23: 0 | GM23: 0 | GN23: 0 | GO23: 0 | GP23: 0 | GR23: 45344 | GV23: NULL | GW23: NULL | GX23: NULL | GY23: NULL | GZ23: NULL | HA23: NULL | HB23: NULL | HC23: NULL | HD23: NULL | HE23: NULL | HH23: 0 | HI23: 0 | HJ23: 44.61 | HK23: 29.1 | HL23: 57.92 | HN23: NULL | IS23: 0 | IT23: 0 | IU23: 0 | IV23: 0 | IW23: 0 | IX23: 40.0 50.0 60.0 65.0 0.0 0.0 0.0 0.0 | IY23: 0 | IZ23: 0 | JA23: 0 | JB23: 0 | JC23: bar a | JD23: 1000 1200 1450 1750 2000 2200 0 0 | JE23: 65;408;0;450|552;129;0;50||552;467;0;10 | JF23: 2 | JG23: PAS_150HF_300.png | JH23: NULL | JI23: 0 | JJ23: NULL | JK23: 57.83 | JL23: 0 | JM23: 1
A24: PAS 150MF 250 | B24: SPSA | C24: DEWATERING | D24: OPEN | E24: DIESEL DRIVEN | F24: RUBBER | G24: - | H24: - | I24: SPSA | J24: WIP | N24: 4 | O24: 4 | P24: 1 | Q24: 7 | R24: 2 | S24: 0 | T24: 0 | U24: 0 | V24: NULL | W24: 0 | X24: 0 | Y24: 0 | Z24: 1 | AA24: 0 | AB24: 1 | AC24: 1 | AD24: 1 | AE24: 0 | AF24: 0 | AG24: 0 | AH24: m^3/hr | AI24: 0.2777 | AJ24: m | AK24: 1 | AL24: 149 | AM24: 536.2 | AN24: 0 | AO24: 0 | AP24: 0 | AQ24: 0 | AR24: 37.4 | AS24: 7.9 | AT24: 79.22 | AU24: 0 | AV24: 0 | AW24: 364.61 | AX24: 21.23 | AY24: 26.61 | AZ24: 4.41 | BA24: 37.4 | BB24: 0 | BC24: 64 | BD24: 209 | BE24: 0 | BF24: 0 | BG24: 0 | BH24: 0 | BI24: 0 | BJ24: 0 | BK24: 0 | BL24: 0 | BM24: 1400 | BN24: 2000 | BO24: 0 | BP24: 0 | BQ24: 0 | BR24: 0 | BS24: 0 | BT24: 0 | BU24: 2000 | BV24: 250 | BW24: NULL | BX24: 0 | BY24: PAS 150MF 250;PAS 150MF 250;PAS 150MF 250;PAS 150MF 250 | CA24: 1400.00 1600.00 1800.00 2000.00 | CB24: 18.3 24 30.4 37.4 | CC24: 391.4 427.6 480.5 536.2 | CD24: NULL | CE24: 18.3;14.3;13.1;10.9;8.3;4.5|24;18.5;17.1;14.3;10.9;6.4|30.4;23.4;21.6;18.1;13.3;7.9|37.4;32.2;28.8;26.9;22.4;14.9;7.7 | CF24: 0;60;70;77;70;43.59|0;60;70;77;70;46.57|0;60;70;77;70;46.98|0;37.93;60;70;77;70;40.15 | CG24: 0;117;160.2;234;307.8;391.4|0;136.5;178.3;263.2;344;427.6|0;149;197.8;296.7;398.3;480.5|0;82.2;161.6;220.1;335.7;465.2;536.2 | CI24: 0;0;0;0;0;0|0;0;0;0;0;0|0.5;1.3;1.9;3.3;5.1;6.7|0.6;0.5;1.5;2.1;3.9;6.4;8.3 | CK24: 25 25 25 25 | CL24: 18.3 -1.07649 .0678222 -.004618008 6.911E-05 24.001 -1.34154 .0869362 -.005249868 7.2191E-05 30.401 -1.56953 .0878436 -.003866655 1.9527E-05 37.375 -1.86113 .1049954 -.003226895 -2.9224E-05 | CM24: 0.008 19.05893 -1.5970653 0.063335687 -0.00177112 -0.009 15.5282 -0.8980123 0.015616439-0.000402249 -0.016 15.82454 -1.2228846 0.052389526-0.001299505 -0.363 16.29107 -1.5669291 0.087880236-0.002148772 | CN24: 0 0 0 0 0 0 0 0 0 0 0.499 -0.0104 0.029397-0.000865055 1.2347E-05 0.578 -0.17958 0.0672594-0.003743232 8.3067E-05 | CO24: 0.00 0.00 0.00 0.00 | CP24: NULL | CQ24: NULL | CR24: 0 | CS24: 0 | CX24: 0 | CY24: 0 | CZ24: 0 | DA24: 0 | DC24: 0 | DD24: 0 | EW24: NULL | EX24: NULL | EY24: NULL | EZ24: NULL | FA24: 4 | FB24: NULL | FC24: 0 0 0 0 0 0 0 0 | FD24: 0 0 0 0 0 0 0 0 0 0 0 0 0 0 0 0 | FE24: 1.1111111e+15 | FF24: 0 | FG24: 0 | FH24: 0 | FI24: 0 | FJ24: 0 | FK24: 0 | FL24: 0 | FM24: 0 | FN24: 0 | FO24: 0 | FP24: 0 | FQ24: 0 | FR24: 0 | FS24: 0 | FT24: 0 | FU24: 0 | FV24: 40 | FW24: 1 | FX24: 2 | FY24: 8 | FZ24: 0 | GA24: 0 | GB24: 0 | GC24: 0 | GD24: 0 | GE24: NULL | GF24: NULL | GG24: NULL | GH24: 45328 | GJ24: TAS ONLINE | GK24: TAS ONLINE | GN24: 0 | GO24: 0 | GP24: 0 | GR24: 45344 | GV24: NULL | GW24: NULL | GX24: NULL | GY24: NULL | GZ24: NULL | HA24: NULL | HB24: NULL | HC24: NULL | HD24: NULL | HE24: NULL | HH24: 0 | HI24: 0 | HJ24: 30.62 | HK24: 16.92 | HL24: 27.13 | HN24: NULL | IS24: 0 | IT24: 0 | IU24: 0 | IV24: 0 | IW24: 0 | IX24: 60.0 70.0 0.0 0.0 0.0 0.0 0.0 0.0 | IY24: 0 | IZ24: 0 | JA24: 0 | JB24: 0 | JC24: bar a | JD24: 1400 1600 1800 2000 0 0 0 0 | JE24: 63;422;0;500|594;21;0;40||593;447;0;10 | JF24: 2 | JG24: PAS_150MF_250.png | JH24: NULL | JI24: 0 | JJ24: NULL | JK24: 28 | JL24: 8.3 | JM24: 4
A25: XH150i 560 | B25: SPSA | C25: DEWATERING | D25: OPEN | E25: DIESEL DRIVEN | F25: RUBBER | G25: - | H25: - | I25: SPSA | J25: WIP | N25: 1 | O25: 1 | P25: 1 | Q25: 8 | R25: 2 | S25: 0 | T25: 0 | U25: 0 | V25: NULL | W25: 1 | X25: 0 | Y25: 0 | Z25: 1 | AA25: 0 | AB25: 1 | AC25: 1 | AD25: 1 | AE25: 0 | AF25: 0 | AG25: 0 | AH25: l/sec | AI25: 1 | AJ25: m | AK25: 1 | AL25: 27.2 | AM25: 149.9 | AN25: 0 | AO25: 0 | AP25: 0 | AQ25: 288 | AR25: 184 | AS25: 140.7 | AT25: 73.34 | AU25: 0 | AV25: 0 | AW25: 128.86 | AX25: 152.95 | AY25: 263.47 | AZ25: 5.64 | BA25: 184 | BB25: 0 | BC25: 15 | BD25: 177 | BE25: 0 | BF25: 0 | BG25: 0 | BH25: 0 | BI25: 0 | BJ25: 0 | BK25: 0 | BL25: 0 | BM25: 1400 | BN25: 1800 | BO25: 0 | BP25: 0 | BQ25: 0 | BR25: 0 | BS25: 0 | BT25: 0 | BU25: 1800 | BV25: 560 | BW25: NULL | BX25: 0 | BY25: XH150 | CA25: 1800 | CB25: 184 | CC25: 149.9 | CD25: NULL | CE25: 184;179.9;175;167.9;161.2;154.5;148.9;140.3 | CF25: 0;29.98;46.67;60.8;70;73;72.83;68 | CG25: 0;27.2;54.4;83.1;107.1;125.6;137.2;149.9 | CI25: 2.3;2.5;2.3;3.1;4.2;5.4;6.2;7.9 | CK25: 10 | CL25: 183.937 -.73654 -.3187294 .033401301 -.001452378 | CM25: 0.052 14.79137 -1.788952 0.147699244-0.004937985 | CN25: 2.332 0.03589 -0.0161403 0.002835267 -1.9672E-05 | CO25: 0 | CP25: NULL | CQ25: NULL | CR25: 43 | CS25: 0 | CX25: 0 | CY25: 0 | CZ25: 0 | DA25: 0 | DC25: 0 | DD25: 0 | EW25: NULL | EX25: NULL | EY25: NULL | EZ25: NULL | FA25: 4 | FB25: NULL | FC25: 0 0 0 0 0 0 0 0 | FD25: 0 0 0 0 0 0 0 0 0 0 0 0 0 0 0 0 | FE25: 1.1111111e+19 | FF25: 0 | FG25: 0 | FH25: 0 | FI25: 0 | FJ25: 0 | FK25: 0 | FL25: 0 | FM25: 0 | FN25: 0 | FO25: 0 | FP25: 0 | FQ25: 0 | FR25: 0 | FS25: 0 | FT25: 0 | FU25: 0 | FV25: 0 | FW25: 0 | FX25: 0 | FY25: 0 | FZ25: 0 | GA25: 0 | GB25: 0 | GC25: 0 | GD25: 0 | GE25: NULL | GF25: NULL | GG25: NULL | GH25: 45322 | GJ25: TAS ONLINE | GK25: TAS ONLINE | GL25: 0 | GM25: 0 | GN25: 0 | GO25: 0 | GP25: 0 | GR25: 45341 | GV25: NULL | GW25: NULL | GX25: NULL | GY25: NULL | GZ25: NULL | HA25: NULL | HB25: NULL | HC25: NULL | HD25: NULL | HE25: NULL | HH25: 0 | HI25: 0 | HJ25: 180.17 | HK25: 136.8 | HL25: 320.03 | HN25: NULL | IS25: 0 | IT25: 0 | IU25: 0 | IV25: 0 | IW25: 0 | IX25: 46.0 60.0 67.0 72.0 0.0 0.0 0.0 0.0 | IY25: 0 | IZ25: 0 | JA25: 0 | JB25: 0 | JC25: bar a | JD25: 1400 1500 1600 1700 1800 0 0 0 | JE25: 46;542;0;180|566;30;0;200||565;484;0;10 | JF25: 2 | JG25: XH150i_560.png | JH25: NULL | JI25: 0 | JJ25: NULL | JK25: 303.21 | JL25: 0 | JM25: 1
A26: 6/4-GR100D-M | B26: SPSA | C26: SLURRY | D26: CLOSED | E26: G | F26: METAL | G26: 3 | H26: WPG64G15 | I26: WARMAN | J26: Live | L26: G | M26: 46177 | N26: 5 | O26: 5 | P26: 1 | Q26: 6 | R26: 2 | S26: 0 | T26: 0 | U26: 0 | V26: NULL | W26: 1 | X26: 0 | Y26: 0 | Z26: 1 | AA26: 0 | AB26: 1 | AC26: NULL | AD26: 0 | AE26: 0 | AF26: 0 | AG26: 0 | AH26: l/sec | AI26: 1 | AJ26: m | AK26: 1 | AL26: 18 | AM26: 88 | AN26: 0 | AO26: 0 | AP26: 0 | AQ26: 66 | AR26: 55 | AS26: 5.5 | AT26: 53.7 | AU26: 0 | AV26: 0 | AW26: 63.19 | AX26: 23.08 | AY26: 24.1 | AZ26: 2.96 | BA26: 54.5 | BB26: 0 | BC26: 33 | BD26: 156 | BE26: 0 | BF26: 0 | BG26: 0 | BH26: 0 | BI26: 0 | BJ26: 0 | BK26: 0 | BL26: 0 | BM26: 600 | BN26: 1400 | BO26: 0 | BP26: 0 | BQ26: 0 | BR26: 90 | BS26: 0 | BT26: 0 | BU26: 1400 | BV26: 378 | BW26: NULL | BX26: 0 | BY26: 6/4 G-M;6/4 G-M;6/4 G-M;6/4 G-M;6/4 G-M | BZ26: 0.00 0.00 0.00 0.00 0.00 | CA26: 600.00 800.00 1000.00 1200.00 1400.00 | CB26: 10.2 17.5 27.5 39.5 54.5 | CC26: 68.2 76.5 86 92.6 98.1 | CD26: NULL | CE26: 10.2;9.6;9.2;8.8;8.5;7.6;6.9;5.9;3.9|17.5;16.8;16.5;16.2;16.1;15.2;14.5;12.9;11.6;10.1|27.5;25.7;25.6;24.6;24.1;23.1;21.3;19.8;18.8|39.5;37;36.2;35.5;33.5;30.9;28.7|54.5;51;49.9;49;45.8;40 | CF26: 0;30;45;50;58;59;58;55;49.8|0;30;40;50;55;58;58.75;58;55;49.8|0;30;45;55;58;58.5;58;55;49.8|0;30;45;55;57.85;55;49.8|0;30;45;50;54;49.8 | CG26: 0;8;15.3;20.4;33.6;44;54.2;60.4;68.2|0;12;17.1;26;33.6;41.4;52.6;64.5;71.5;76.5|0;15.5;28;42.3;53;63.9;74.4;81.9;86|0;18;35;57;74;85.6;92.6|0;20;44;62;81.6;98.1 | CI26: 0;1.1;1.1;1.3;1.4;1.7;2;2.3;2.6|0;0.8;1.2;1.5;1.5;1.7;2.4;3.2;3.5;4.1|0.2;0.85;1.4;1.9;2.4;3.1;3.7;4.3;4.9|0.4;1.15;1.8;2.8;3.5;4.6;5.3|0.4;1.3;2.1;3.22;4.4;5.8 | CK26: 5 5 5 5 5 | CL26: 10.192 -.37022 .0011358 .004220736 -.000350715 17.481 -.30868 .0138554 .000148165 -.000116045 27.472 -.79726 .1120521 -.007506693 .000115346 39.505 -1.10623 .135207 -.006552326 4.183E-05 54.501 -1.40326 .1592172 -.006972162 2.968E-05 | CM26: 0.243 23.4292 -3.6490921 0.265072719-0.007627267 -0.22 17.06063 -1.9447019 0.112313072-0.002874714 -0.115 12.90711 -1.1526083 0.058039969-0.001434674 -0.025 11.62921 -1.1124387 0.063447648-0.001589126 -0.033 11.20301 -1.1451128 0.063290379-0.001397696 | CN26: 0.948 0.10959 -0.018894 0.002463859 -7.4347E-05 -0.863 1.09573 -0.1975077 0.015973115-0.000417265 0.202 0.2045 0.0035632-0.000775497 4.5768E-05 0.404 0.16412 0.0162257-0.001983825 7.5803E-05 0.408 0.26772 -0.0195284 0.001670711 -3.3576E-05 | CO26: 0.00 0.00 0.00 0.00 0.00 | CP26: NULL | CQ26: NULL | CR26: 82 | CS26: 0 | CT26: 64A11 | CU26: D | CV26: CSP64E01 | CX26: 1030 | CY26: 1300 | CZ26: 1.5 | DA26: 0 | DB26: curves\Type G - GH\6_4D G-3VCM | DC26: 0 | DD26: 0 | DI26: 6/4 G | DJ26: DG4137 | DK26: 100 | DQ26: DM | DR26: 60 | DS26: DDM | DT26: 110 | DU26: 0 | DV26: 0 | DY26: 27% Chrome | DZ26: 27% Chrome | EA26: 27% Chrome | EB26: Carbon Steel | EC26: CS62 Plated;420C Stainless Steel;Stellite Plated | ED26: Expeller;LF Stuffing Box;FF Stuffing Box;ULF Stuffing Box | EE26: 27% Chrome;Cast Iron | EW26: NULL | EX26: NULL | EY26: NULL | EZ26: NULL | FA26: 4 | FB26: NULL | FC26: 0 0 0 0 0 0 0 0 | FD26: 0 0 0 0 0 0 0 0 0 0 0 0 0 0 0 0 | FE26: 1.1111111e+19 | FF26: 0 | FG26: 0 | FH26: 0 | FI26: 0 | FJ26: 0 | FK26: 0 | FL26: 0 | FM26: 0 | FN26: 0 | FO26: 0 | FP26: 0 | FQ26: 0 | FR26: 0 | FS26: 0 | FT26: 0 | FU26: 0 | FV26: 0 | FW26: 0 | FX26: 0 | FY26: 0 | FZ26: 0 | GA26: 0 | GB26: 0 | GC26: 0 | GD26: 0 | GE26: NULL | GF26: NULL | GG26: NULL | GH26: NULL | GJ26: 0 | GK26: Aslam Haffejee | GL26: 0 | GM26: 0 | GN26: 152.4 | GO26: 101.6 | GP26: 0 | GR26: 44729 | GV26: NULL | GW26: NULL | GX26: NULL | GY26: NULL | GZ26: NULL | HA26: NULL | HB26: NULL | HC26: NULL | HD26: NULL | HE26: NULL | HH26: 0 | HI26: 0 | HJ26: 52.63 | HK26: 47.09 | HL26: 65.66 | HN26: NULL | IS26: 0 | IT26: 0 | IU26: 0 | IV26: 0 | IW26: 0 | IX26: 30.0 40.0 45.0 50.0 55.0 58.0 0.0 0.0 | IY26: 0 | IZ26: 0 | JA26: 0 | JB26: 0 | JC26: bar a | JD26: 600 800 1000 1200 1400 0.0 0.0 0.0 | JE26: 51;536;0;100|461;10;0;60||615;503;0;8 | JF26: 2 | JG26: GR100_(3VC-M).png | JH26: NULL | JI26: 0 | JJ26: NULL | JK26: 77.25 | JL26: 5.8 | JM26: 3
A27: 10/8-GR200F-M | B27: SPSA | C27: SLURRY | D27: CLOSED | E27: GR | F27: METAL | G27: 3 | H27: WPG108G15 | I27: WARMAN | J27: Live | L27: G | M27: 10/8 G-M | N27: 6 | O27: 6 | P27: 1 | Q27: 7 | R27: 2 | S27: 0 | T27: 0 | U27: 0 | V27: NULL | W27: 1 | X27: 0 | Y27: 0 | Z27: 1 | AA27: 0 | AB27: 1 | AC27: 1 | AD27: 0 | AE27: 0 | AF27: 0 | AG27: 0 | AH27: l/sec | AI27: 1 | AJ27: m | AK27: 1 | AL27: 85 | AM27: 295 | AN27: 0 | AO27: 0 | AP27: 0 | AQ27: 425 | AR27: 54 | AS27: 9.3 | AT27: 64.03 | AU27: 0 | AV27: 0 | AW27: 256.13 | AX27: 44.4 | AY27: 174.13 | AZ27: 7.18 | BA27: 54 | BB27: 0 | BC27: 29 | BD27: 115 | BE27: 0 | BF27: 0 | BG27: 0 | BH27: 0 | BI27: 0 | BJ27: 0 | BK27: 0 | BL27: 0 | BM27: 500 | BN27: 1000 | BO27: 0 | BP27: 0 | BQ27: 0 | BR27: 90 | BS27: 0 | BT27: 0 | BU27: 1000 | BV27: 533 | BW27: NULL | BX27: 0 | BY27: 10/8 G-M;10/8 G-M;10/8 G-M;10/8 G-M;10/8 G-M;10/8 G-M | BZ27: 0.00 0.00 0.00 0.00 0.00 0.00 | CA27: 500.00 600.00 700.00 800.00 900.00 1000.00 | CB27: 13.7 19.5 26.7 35 44.5 54 | CC27: 177 219.7 265 283.1 311.3 335.2 | CD27: NULL | CE27: 13.7;12.4;11.9;10.6;9.3|19.5;17.8;17.7;16.4;15.7;14.2;12|26.7;25;23.8;21.4;18.6;15.7|35;32.2;31.5;30.6;28.4;24.6;23|44.5;41;39.5;38.3;35;28.1|54;51.1;49.1;47.5;43.9;41.8;35.7 | CF27: 0;35;45;50;44|0;35;45;55;60;60;54.9|0;34;55;61.5;60;54.7|0;36;55;60;63;60;58|0;35;55;60;65;59|0;35;54;60;65;65;58 | CG27: 0;75;102;135.4;177|0;69.7;89.4;133.8;155.6;189.4;219.7|0;60;125;190;230;265|0;62;130;165.5;219.7;267.6;283.1|0;65;140.1;182.4;245.8;311.3|0;75;155;205;263.4;284.5;335.2 | CI27: 0;0.5;1.9;2.5;3.75|0.6;1.7;2.1;2.5;3.5;4.4;5.6|0.7;1.1;2;4.2;4.8;7.5|0.6;1.1;2.1;3.3;5.6;7.6;8.5|0.6;1.1;2.5;3.9;6.7;10.1|0.7;1.2;3.1;4.6;7.8;8.6;11.8 | CK27: 10 10 25 25 25 25 | CL27: 13.694 -.05288 -.0168844 .000326866 19.496 -.31866 .0193562 -.000925162 26.667 -.85446 .1150887 -.012531538 34.943 -1.58181 .2726194 -.020030674 44.462 -1.88334 .2789293 -.01874505 53.998 -1.39555 .1828978 -.013483245 | CM27: -0.015 4.61029 0.1086868-0.012927626 -0.029 5.8377 -0.0758702-0.003453274 0.01 17.33858 -1.3783979 0.021714287 0.258 17.73283 -1.5729175 0.040674079 0.412 15.83473 -1.2163781 0.026158299 0.529 13.1281 -0.7460503 0.006855069 | CN27: -15.015 3.75004 -0.2772897 0.007080157 0.609 0.19132 -0.0080477 0.000443789 0.666 0.2044 -0.0074185 0.004439563 0.645 -0.06534 0.0776101-0.000942383 0.627 -0.02821 0.0697375-0.000498402 0.708 -0.04355 0.0686385-0.000269479 | CO27: 0.00 0.00 0.00 0.00 0.00 0.00 | CP27: NULL | CQ27: NULL | CR27: 178 | CS27: 0 | CT27: WPA108A11 | CU27: F | CV27: CSP108A01A | CX27: 1050 | CY27: 1575 | CZ27: 1.5 | DA27: 0 | DB27: curves\gr\10_8-gr200f-m | DC27: 0 | DD27: 0 | DI27: 10/8 G | DJ27: CH200137F-CR | DK27: 200 | DQ27: F | DR27: 260 | DS27: FF | DT27: 425 | DU27: 0 | DV27: 0 | EW27: NULL | EX27: NULL | EY27: NULL | EZ27: NULL | FA27: 3 | FB27: NULL | FC27: 0 0 0 0 0 0 0 0 | FD27: 0 0 0 0 0 0 0 0 0 0 0 0 0 0 0 0 | FE27: 1.1111111e+23 | FF27: 0 | FG27: 0 | FH27: 0 | FI27: 0 | FJ27: 0 | FK27: 0 | FL27: 0 | FM27: 0 | FN27: 0 | FO27: 0 | FP27: 0 | FQ27: 0 | FR27: 0 | FS27: 0 | FT27: 0 | FU27: 0 | FV27: 0 | FW27: 0 | FX27: 0 | FY27: 0 | FZ27: 0 | GA27: 0 | GB27: 0 | GC27: 0 | GD27: 0 | GE27: NULL | GF27: NULL | GG27: NULL | GH27: NULL | GI27: Curve loaded from Warman / Weir printed curve | GJ27: Gugu Khoza | GK27: Pieter du Plessis | GL27: 0 | GM27: 0 | GN27: 254 | GO27: 203.2 | GP27: 0 | GR27: 44876 | GV27: NULL | GW27: NULL | GX27: NULL | GY27: NULL | GZ27: NULL | HA27: NULL | HB27: NULL | HC27: NULL | HD27: NULL | HE27: NULL | HH27: 0 | HI27: 0 | HJ27: 51.09 | HK27: 39.43 | HL27: 191.94 | HN27: NULL | IS27: 0 | IT27: 0 | IU27: 0 | IV27: 0 | IW27: 0 | IX27: 35.0 45.0 55.0 60.0 65.0 65.2 0.0 0.0 | IY27: 0 | IZ27: 0 | JA27: 0 | JB27: 0 | JC27: bar a | JD27: 500 600 700 800 900 1000 0.0 0.0 | JE27: ||| | JF27: 2 | JG27: 10_8-GR200F-M.png | JH27: NULL | JI27: 0 | JJ27: NULL | JK27: 202.28 | JL27: 11.8 | JM27: 6
A28: 12/10-GR250F-M | B28: SPSA | C28: SLURRY | D28: CLOSED | E28: GR | F28: METAL | G28: 3 | H28: WPG1210GH15 | I28: WARMAN | J28: Live | L28: G | M28: 12/10 G-M | N28: 1 | O28: 1 | P28: 1 | Q28: 7 | R28: 2 | S28: 0 | T28: 0 | U28: 0 | V28: NULL | W28: 1 | X28: 0 | Y28: 0 | Z28: 1 | AA28: 0 | AB28: 1 | AC28: 1 | AD28: 0 | AE28: 0 | AF28: 0 | AG28: 0 | AH28: m^3/hr | AI28: 0.2777 | AJ28: m | AK28: 1 | AL28: 122 | AM28: 809 | AN28: 0 | AO28: 0 | AP28: 0 | AQ28: 425 | AR28: 83 | AS28: 60.2 | AT28: 72.73 | AU28: 0 | AV28: 0 | AW28: 618.64 | AX28: 66.96 | AY28: 155.07 | AZ28: 8.4 | BA28: 83 | BB28: 0 | BC28: 12 | BD28: 59 | BE28: 0 | BF28: 0 | BG28: 0 | BH28: 0 | BI28: 0 | BJ28: 0 | BK28: 0 | BL28: 0 | BM28: 350 | BN28: 700 | BO28: 0 | BP28: 0 | BQ28: 0 | BR28: 0 | BS28: 0 | BT28: 0 | BU28: 700 | BV28: 667 | BW28: NULL | BX28: 0 | BY28: 12/10 G-M | CA28: 700 | CB28: 83 | CC28: 809 | CD28: NULL | CE28: 83;80.7;79.7;77.7;73;67;60.2 | CF28: 0;36.5;50;60;70;73;69.8 | CG28: 0;122;173;260;428;618;809 | CI28: 2.6;2.6;3.2;3.7;5.6;8.4;11.9 | CK28: 25 | CL28: 82.987 -.40315 -.0109802 1.9451E-05 1.011E-06 | CM28: -0.217 10.29257 -0.5699739 0.014922291-0.000156681 | CN28: 2.581 -0.05402 0.020433-0.000512716 6.428E-06 | CO28: 0 | CP28: NULL | CQ28: NULL | CR28: 220 | CS28: 0 | CT28: GR250 (3) | CX28: 0 | CY28: 500 | CZ28: 0 | DA28: 0 | DB28: curves\gr\12_10-gr250f-m | DC28: 0 | DD28: 0 | DI28: 12/10 G | DJ28: CH250137F-CR | DK28: 250 | DQ28: F | DR28: 260 | DS28: FF | DT28: 425 | DU28: 0 | DV28: 0 | EW28: NULL | EX28: NULL | EY28: NULL | EZ28: NULL | FA28: 4 | FB28: NULL | FC28: 0 0 0 0 0 0 0 0 | FD28: 0 0 0 0 0 0 0 0 0 0 0 0 0 0 0 0 | FE28: 1.1111111e+31 | FF28: 0 | FG28: 0 | FH28: 0 | FI28: 0 | FJ28: 0 | FK28: 0 | FL28: 0 | FM28: 0 | FN28: 0 | FO28: 0 | FP28: 0 | FQ28: 0 | FR28: 0 | FS28: 0 | FT28: 0 | FU28: 0 | FV28: 0 | FW28: 0 | FX28: 0 | FY28: 0 | FZ28: 0 | GA28: 0 | GB28: 0 | GC28: 0 | GD28: 0 | GE28: NULL | GF28: NULL | GG28: NULL | GH28: 44648 | GI28: Curve loaded from Warman / Weir printed curve | GJ28: Gugu Khoza | GK28: Pieter du Plessis | GL28: 0 | GM28: 0 | GN28: 304.8 | GO28: 254 | GP28: 0 | GQ28: A | GR28: 44965 | GV28: NULL | GW28: NULL | GX28: NULL | GY28: NULL | GZ28: NULL | HA28: NULL | HB28: NULL | HC28: NULL | HD28: NULL | HE28: NULL | HH28: 0 | HI28: 0 | HJ28: 80.76 | HK28: 62.63 | HL28: 176.47 | HN28: NULL | IS28: 73 | IT28: 625 | IU28: 67 | IV28: 0 | IW28: 0 | IX28: 40.0 50.0 60.0 70.0 0.0 0.0 0.0 0.0 | IY28: 0 | IZ28: 0 | JA28: 0 | JB28: 0 | JC28: bar a | JD28: 350 400 450 500 550 600 650 700 | JE28: ||| | JF28: 0 | JG28: 12_10-GR250F-M.png | JH28: NULL | JI28: 0 | JJ28: NULL | JK28: 189.96 | JL28: 0 | JM28: 1
A29: 6/6-GR100E-M | B29: SPSA | C29: SLURRY | D29: CLOSED | E29: GR | F29: METAL | G29: 3 | H29: WPG66G15 | I29: WARMAN | J29: Live | L29: G | M29: 6/6 G-M | N29: 4 | O29: 4 | P29: 1 | Q29: 6 | R29: 2 | S29: 0 | T29: 0 | U29: 0 | V29: NULL | W29: 1 | X29: 0 | Y29: 0 | Z29: 1 | AA29: 0 | AB29: 1 | AC29: 1 | AD29: 0 | AE29: 0 | AF29: 0 | AG29: 0 | AH29: l/sec | AI29: 1 | AJ29: m | AK29: 1 | AL29: 22 | AM29: 234 | AN29: 0 | AO29: 0 | AP29: 0 | AQ29: 225 | AR29: 56 | AS29: 4 | AT29: 65.59 | AU29: 0 | AV29: 0 | AW29: 136.68 | AX29: 42.68 | AY29: 87.2 | AZ29: 6.48 | BA29: 55.5 | BB29: 0 | BC29: 31 | BD29: 127 | BE29: 0 | BF29: 0 | BG29: 0 | BH29: 0 | BI29: 0 | BJ29: 0 | BK29: 0 | BL29: 0 | BM29: 800 | BN29: 1400 | BO29: 0 | BP29: 0 | BQ29: 0 | BR29: 90 | BS29: 0 | BT29: 0 | BU29: 1400 | BV29: 381 | BW29: NULL | BX29: 0 | BY29: 6/6 G-M;6/6 G-M;6/6 G-M;6/6 G-M | BZ29: 0.00 0.00 0.00 0.00 | CA29: 800.00 1000.00 1200.00 1400.00 | CB29: 18.5 29.5 41.5 55.5 | CC29: 130 161.2 194 226 | CD29: NULL | CE29: 18.5;15.8;14.8;14.1;9.8;7.4|29.5;26.5;25;24.4;22.3;18.5;15.4;11.5|41.5;38;34;31.9;27.1;21.5;16.5|55.5;49;46.9;42.8;36;23 | CF29: 0;42;55;60;44;40|0;30;50;60;63;60;50;40|0;30;60;64.8;60;50;40|0;36;58;66.4;61;40 | CG29: 0;32;50;70;113;130|0;18;42;64.2;94.5;123.2;142.7;161.2|0;24;74;114;146.3;174;194|0;48;94;137;171;226 | CI29: 1.6;1.6;2.9;3.4;5.28;6.1|0.5;1.2;2.3;3.5;4.8;6.2;7.3;8.5|0.6;1.1;3.76;5.31;7.8;9.9;11|0.7;2.7;4.57;6;9.65;14.2 | CK29: 10 10 10 10 | CL29: 18.509 -1.49116 .2701954 -.026361155 .000718268 29.456 -2.2128 .4042325 -.034290583 .000835056 41.584 -2.11741 .2608778 -.016393751 .00026435 55.511 -2.72813 .3982052 -.026378719 .000499246 | CM29: 0.019 14.99385 -0.1406588-0.172334997 0.00866294 0.397 19.60123 -2.2857233 0.126174532-0.003131084 0.067 15.08708 -1.2163392 0.042996042-0.000769661 0.046 8.08499 -0.0506969-0.019552702 0.000416998 | CN29: 1.584 -0.50005 0.2414287-0.024138334 0.000814826 0.493 0.34076 0.0372589-0.003850681 0.000132927 0.509 0.33226 0.0001741 0.001366458 -4.1694E-05 0.666 0.84023 -0.1167884 0.00881557-0.000182208 | CO29: 0.00 0.00 0.00 0.00 | CP29: NULL | CQ29: NULL | CR29: 127 | CS29: 0 | CT29: WPG66G15 | CU29: E | CV29: CSP64A01 | CX29: 500 | CY29: 750 | CZ29: 1.5 | DA29: 0 | DB29: curves\gr\6_6-gr100e-m | DC29: 0 | DD29: 0 | DE29: notes here | DI29: 6/6 G | DJ29: CH100137E-CR | DK29: 150 | DQ29: E | DR29: 120 | DS29: EE | DT29: 225 | DU29: 0 | DV29: 0 | EW29: NULL | EX29: NULL | EY29: NULL | EZ29: NULL | FA29: 4 | FB29: NULL | FC29: 0 0 0 0 0 0 0 0 | FD29: 0 0 0 0 0 0 0 0 0 0 0 0 0 0 0 0 | FE29: 1.1111111e+27 | FF29: 0 | FG29: 0 | FH29: 0 | FI29: 0 | FJ29: 0 | FK29: 0 | FL29: 0 | FM29: 0 | FN29: 0 | FO29: 0 | FP29: 0 | FQ29: 0 | FR29: 0 | FS29: 0 | FT29: 0 | FU29: 0 | FV29: 0 | FW29: 0 | FX29: 0 | FY29: 0 | FZ29: 0 | GA29: 0 | GB29: 0 | GC29: 0 | GD29: 0 | GE29: NULL | GF29: NULL | GG29: NULL | GH29: NULL | GI29: Curve loaded from Warman / Weir printed curve | GJ29: Gugu Khoza | GK29: Pieter du Plessis | GL29: 0 | GM29: 0 | GN29: 152.4 | GO29: 152.4 | GP29: 0 | GR29: 44971 | GV29: NULL | GW29: NULL | GX29: NULL | GY29: NULL | GZ29: NULL | HA29: NULL | HB29: NULL | HC29: NULL | HD29: NULL | HE29: NULL | HH29: 0 | HI29: 0 | HJ29: 50.05 | HK29: 37.63 | HL29: 96.16 | HN29: NULL | IS29: 0 | IT29: 0 | IU29: 0 | IV29: 0 | IW29: 0 | IX29: 30.0 40.0 50.0 60.0 65.0 0.0 0.0 0.0 | IY29: 0 | IZ29: 0 | JA29: 0 | JB29: 0 | JC29: bar a | JD29: 800 900 1000 1100 1200 1300 1400 0.0 | JE29: 44;531;0;250|469;22;0;60||622;509;0;20 | JF29: 2 | JG29: GR150_(3VC-M).png | JH29: NULL | JI29: 0 | JJ29: NULL | JK29: 127.4 | JL29: 14.2 | JM29: 4
A30: 8/6-GR150E-M | B30: SPSA | C30: SLURRY | D30: CLOSED | E30: GR | F30: METAL | G30: 3 | H30: WPG86G15 | I30: WARMAN | J30: Live | L30: G | M30: 8/6 G-M | N30: 4 | O30: 4 | P30: 1 | Q30: 11 | R30: 2 | S30: 0 | T30: 0 | U30: 0 | V30: NULL | W30: 1 | X30: 0 | Y30: 0 | Z30: 1 | AA30: 0 | AB30: 1 | AC30: 1 | AD30: 0 | AE30: 0 | AF30: 0 | AG30: 0 | AH30: l/sec | AI30: 1 | AJ30: m | AK30: 1 | AL30: 22 | AM30: 234 | AN30: 0 | AO30: 0 | AP30: 0 | AQ30: 0 | AR30: 56 | AS30: 4 | AT30: 65.14 | AU30: 0 | AV30: 0 | AW30: 129.26 | AX30: 42.96 | AY30: 83.58 | AZ30: 6.24 | BA30: 55.8 | BB30: 0 | BC30: 30 | BD30: 127 | BE30: 0 | BF30: 0 | BG30: 0 | BH30: 0 | BI30: 0 | BJ30: 0 | BK30: 0 | BL30: 0 | BM30: 800 | BN30: 1400 | BO30: 0 | BP30: 0 | BQ30: 0 | BR30: 90 | BS30: 0 | BT30: 0 | BU30: 1400 | BV30: 381 | BW30: NULL | BX30: 0 | BY30: 8/6-GR150E-M;8/6-GR150E-M;8/6-GR150E-M;8/6-GR150E-M | BZ30: 0.00 0.00 0.00 0.00 | CA30: 800.00 1000.00 1200.00 1400.00 | CB30: 18.4 29.6 41.8 55.8 | CC30: 129.1 160.9 195.7 225.9 | CD30: NULL | CE30: 18.4;17.1;16.1;15.5;13.9;13.3;12.2;10.1;7.4|29.6;26.6;25.5;25;24.1;22.2;18.4;15.1;11.3|41.8;38;36.8;35.9;34.6;31.6;26.8;21.3;16.6|55.8;50.7;49.3;48.4;46.4;43.3;42.1;41.1;36.3;28.6;23.2 | CF30: 0;30;40;50;60;60.2;60;50;40|0;30;40;50;60;60.3;60;50;40|0;30;40;50;60;64.96;60;50;40|0;30;40;50;60;65;65.2;65;60;50;39.89 | CG30: 0;16.4;29.7;39.4;69.7;82.5;92.7;111.7;129.1|0;18.4;31.2;42;63.5;93.2;122.4;142.4;160.9|0;23.1;35.9;48.2;74.3;113.2;146.5;174.2;195.7|0;32.8;46.1;60.5;92.2;127;135.2;143.4;170.1;203.9;225.9 | CI30: 3.3;3.5;3.3;3.7;3.7;4.4;4.4;5.3;6.3|0;0;0;0;0;0;0;0;0|0;0;0;0;3.7;5.3;0;0;0|3.7;3;2.6;3.2;4.4;6.1;6.5;7.2;8.9;11.9;14.2 | CK30: 10 10 10 10 | CL30: 18.434 -1.02643 .1037617 -.006910684 -8.289E-06 29.581 -2.19944 .3813805 -.031817945 .000760196 41.808 -2.27164 .3159442 -.022240624 .000442707 55.825 -2.32639 .2740361 -.017018707 .00029279 | CM30: 0.63 20.08072 -2.4092133 0.136331395-0.004036898 0.199 19.24683 -2.2461748 0.124624511-0.003100168 0.166 15.27176 -1.245111 0.043883717-0.000758633 -0.188 11.25387 -0.5766527 0.008343645 -6.1162E-05 | CN30: 3.311 0.10923 -0.0287528 0.004229336 -9.84E-05 0 0 0 0 0 0 0 0 0 0 3.714 -0.56 0.1001254-0.004292442 8.2749E-05 | CO30: 0.00 0.00 0.00 0.00 | CP30: NULL | CQ30: NULL | CR30: 127 | CS30: 0 | CT30: GR150 (3) | CU30: E | CV30: CSP64A01 | CX30: 500 | CY30: 750 | CZ30: 1.5 | DA30: 0 | DB30: curves\gr\8_6-gr150e-m | DC30: 0 | DD30: 0 | DI30: 8/6 G | DJ30: CH150137E-CR | DK30: 150 (8/6) | DQ30: E | DR30: 120 | DS30: EE | DT30: 225 | EW30: NULL | EX30: NULL | EY30: NULL | EZ30: NULL | FA30: 4 | FB30: NULL | FC30: 0 0 0 0 0 0 0 0 | FD30: 0 0 0 0 0 0 0 0 0 0 0 0 0 0 0 0 | FE30: 1.1111111e+15 | FF30: 0 | FG30: 0 | FH30: 0 | FI30: 0 | FJ30: 0 | FK30: 0 | FL30: 0 | FM30: 0 | FN30: 0 | FO30: 0 | FP30: 0 | FQ30: 0 | FR30: 0 | FS30: 0 | FT30: 0 | FU30: 0 | FV30: 0 | FW30: 0 | FX30: 0 | FY30: 0 | FZ30: 0 | GA30: 0 | GB30: 0 | GC30: 0 | GD30: 0 | GE30: NULL | GF30: NULL | GG30: NULL | GH30: NULL | GI30: Curve loaded from Warman / Weir printed curve | GJ30: Gugu Khoza | GK30: TAS ONLINE | GL30: 0 | GM30: 0 | GN30: 152.4 | GO30: 152.4 | GP30: 0 | GR30: 45586 | GV30: NULL | GW30: NULL | GX30: NULL | GY30: NULL | GZ30: NULL | HA30: NULL | HB30: NULL | HC30: NULL | HD30: NULL | HE30: NULL | HH30: 0 | HI30: 0 | HJ30: 52.67 | HK30: 39.11 | HL30: 94.06 | HN30: NULL | IS30: 0 | IT30: 0 | IU30: 0 | IV30: 0 | IW30: 0 | IX30: 30.0 40.0 50.0 60.0 65.0 0.0 0.0 0.0 | IY30: 0 | IZ30: 0 | JA30: 0 | JB30: 0 | JC30: bar a | JD30: 800 1000 1200 1400 0 0 0 0.0 | JE30: 42;530;0;250|474;18;0;60||627;513;0;20 | JF30: 2 | JG30: GR150_(3VC-M).png | JH30: NULL | JI30: 0 | JJ30: NULL | JK30: 128.81 | JL30: 14.2 | JM30: 4
A31: 1.5/1-HD25B-METAL | B31: SPSA | C31: SLURRY | D31: OPEN | E31: HD | F31: METAL | G31: 5 | H31: WPG151AH31 | I31: WARMAN | J31: Live | L31: AH | M31: 1.5/1 AH-M | N31: 1 | O31: 1 | P31: 1 | Q31: 8 | R31: 2 | S31: 0 | T31: 0 | U31: 0 | V31: NULL | W31: 1 | X31: 0 | Y31: 0 | Z31: 1 | AA31: 0 | AB31: 1 | AC31: 1 | AD31: 0 | AE31: 0 | AF31: 0 | AG31: 0 | AH31: l/sec | AI31: 1 | AJ31: m | AK31: 1 | AL31: 2.8 | AM31: 15.6 | AN31: 0 | AO31: 0 | AP31: 0 | AQ31: 15 | AR31: 93 | AS31: 49.7 | AT31: 56.06 | AU31: 0 | AV31: 0 | AW31: 10.38 | AX31: 76.29 | AY31: 13.85 | AZ31: 6.93 | BA31: 93 | BB31: 0 | BC31: 17 | BD31: 105 | BE31: 0 | BF31: 0 | BG31: 0 | BH31: 0 | BI31: 0 | BJ31: 0 | BK31: 0 | BL31: 0 | BM31: 1600 | BN31: 4400 | BO31: 0 | BP31: 0 | BQ31: 0 | BR31: 0 | BS31: 0 | BT31: 0 | BU31: 4400 | BV31: 152 | BW31: NULL | BX31: 0 | BY31: 1.5/1 AH-M | CA31: 4400 | CB31: 93 | CC31: 15.6 | CD31: NULL | CE31: 93;90.9;89.8;88.5;86.4;74.8;57.4;49.7 | CF31: 0;30;40;45;50;56;50;45 | CG31: 0;2.8;4.01;5.2;6.35;10.8;14.4;15.6 | CI31: 3;3;3.5;3.8;4;8;0;0 | CK31: 1 | CL31: 92.993 -.66779 .0058395 -.009838754 5.1432E-05 | CM31: -0.06 14.23382 -1.3442244 0.063733652-0.001549054 | CN31: 3 -0.80035 0.4626322-0.073553099 0.003847047 | CO31: 0 | CP31: NULL | CQ31: NULL | CR31: 14 | CS31: 0 | CT31: HD25 (5) | CX31: 0 | CY31: 0 | CZ31: 0 | DA31: 0 | DB31: curves\hd\1.5_1-hd25b-metal | DC31: 0 | DD31: 0 | DI31: 1.5/1 AH | DJ31: HD25127B-CR | DK31: 25 | DQ31: B | DR31: 15 | EW31: NULL | EX31: NULL | EY31: NULL | EZ31: NULL | FA31: 4 | FB31: NULL | FC31: 0 0 0 0 0 0 0 0 | FD31: 0 0 0 0 0 0 0 0 0 0 0 0 0 0 0 0 | FE31: 1.1111111e+31 | FF31: 0 | FG31: 0 | FH31: 0 | FI31: 0 | FJ31: 0 | FK31: 0 | FL31: 0 | FM31: 0 | FN31: 0 | FO31: 0 | FP31: 0 | FQ31: 0 | FR31: 0 | FS31: 0 | FT31: 0 | FU31: 0 | FV31: 0 | FW31: 0 | FX31: 0 | FY31: 0 | FZ31: 0 | GA31: 0 | GB31: 0 | GC31: 0 | GD31: 0 | GE31: NULL | GF31: NULL | GG31: NULL | GH31: 44648 | GI31: Curve loaded from Warman / Weir printed curve | GJ31: Gugu Khoza | GK31: TAS ONLINE | GL31: 0 | GM31: 0 | GN31: 38 | GO31: 25.4 | GP31: 0 | GQ31: A | GR31: 46181 | GV31: NULL | GW31: NULL | GX31: NULL | GY31: NULL | GZ31: NULL | HA31: NULL | HB31: NULL | HC31: NULL | HD31: NULL | HE31: NULL | HH31: 0 | HI31: 0 | HJ31: 90.96 | HK31: 67.81 | HL31: 15.18 | HM31: P. du Plessis | HN31: 44817 | IS31: 0 | IT31: 0 | IU31: 0 | IV31: 0 | IW31: 0 | IX31: 30.0 40.0 45.0 50.0 55.0 0.0 0.0 0.0 | IY31: 0 | IZ31: 0 | JA31: 0 | JB31: 0 | JC31: bar a | JD31: 1600 2000 2400 2800 3200 3600 4000 4400 | JE31: ||| | JF31: 0 | JH31: NULL | JI31: 0 | JJ31: 0 | JK31: 16.89 | JL31: 0 | JM31: 1
A32: 1.5/1-HD25B-RUBBER | B32: SPSA | C32: SLURRY | D32: OPEN | E32: HD | F32: RUBBER | G32: 3 | H32: WPG151AH17 | I32: WARMAN | J32: Live | L32: AH | M32: 1.5/1 AH-R | N32: 1 | O32: 1 | P32: 1 | Q32: 9 | R32: 2 | S32: 0 | T32: 0 | U32: 0 | V32: NULL | W32: 1 | X32: 0 | Y32: 0 | Z32: 1 | AA32: 0 | AB32: 1 | AC32: 1 | AD32: 0 | AE32: 0 | AF32: 0 | AG32: 0 | AH32: l/sec | AI32: 1 | AJ32: m | AK32: 1 | AL32: 1.7 | AM32: 9.8 | AN32: 0 | AO32: 0 | AP32: 0 | AQ32: 15 | AR32: 49.2 | AS32: 32.4 | AT32: 50.16 | AU32: 0 | AV32: 0 | AW32: 7.72 | AX32: 39.09 | AY32: 5.9 | AZ32: 7.9 | BA32: 49.2 | BB32: 0 | BC32: 18 | BD32: 60 | BE32: 0 | BF32: 0 | BG32: 0 | BH32: 0 | BI32: 0 | BJ32: 0 | BK32: 0 | BL32: 0 | BM32: 1400 | BN32: 3200 | BO32: 0 | BP32: 0 | BQ32: 0 | BR32: 0 | BS32: 0 | BT32: 0 | BU32: 3200 | BV32: 152 | BW32: NULL | BX32: 0 | BY32: 1.5/1 AH-R | CA32: 3200 | CB32: 49.2 | CC32: 9.8 | CD32: NULL | CE32: 49.2;49;48;46.1;44.4;42.6;38.9;35;32.4 | CF32: 0;20;30;40;45;48;50;48;45 | CG32: 0;1.7;3;4.35;5.3;6.2;7.8;9.1;9.8 | CI32: 2.6;2.6;3.3;4;4.8;6;8;0;0 | CK32: 1 | CL32: 49.183 .55967 -.4248071 .038442266 -.001910657 | CM32: 0.107 13.08458 -1.1070795 0.063840739-0.004026695 | CN32: 2.587 -0.11127 0.0924022 0.003640748-0.000284428 | CO32: 0 | CP32: NULL | CQ32: NULL | CR32: 20 | CS32: 0 | CT32: HD25 (3) | CX32: 0 | CY32: 2100 | CZ32: 0 | DA32: 0 | DB32: curves\hd\1.5_1-hd25b-rubber | DC32: 0 | DD32: 0 | DI32: 1.5/1 AH | DJ32: HD25127B-RU | DK32: 25 | DQ32: B | DR32: 15 | DS32: 0 | DT32: 0 | DU32: 0 | DV32: 0 | EW32: NULL | EX32: NULL | EY32: NULL | EZ32: NULL | FA32: 4 | FB32: NULL | FC32: 0 0 0 0 0 0 0 0 | FD32: 0 0 0 0 0 0 0 0 0 0 0 0 0 0 0 0 | FE32: 1.1111111e+27 | FF32: 0 | FG32: 0 | FH32: 0 | FI32: 0 | FJ32: 0 | FK32: 0 | FL32: 0 | FM32: 0 | FN32: 0 | FO32: 0 | FP32: 0 | FQ32: 0 | FR32: 0 | FS32: 0 | FT32: 0 | FU32: 0 | FV32: 0 | FW32: 0 | FX32: 0 | FY32: 0 | FZ32: 0 | GA32: 0 | GB32: 0 | GC32: 0 | GD32: 0 | GE32: NULL | GF32: NULL | GG32: NULL | GH32: 44648 | GI32: Curve loaded from Warman / Weir printed curve | GJ32: Gugu Khoza | GK32: Pieter du Plessis | GL32: 0 | GM32: 0 | GN32: 38 | GO32: 25.4 | GP32: 0 | GQ32: A | GR32: 44986 | GV32: NULL | GW32: NULL | GX32: NULL | GY32: NULL | GZ32: NULL | HA32: NULL | HB32: NULL | HC32: NULL | HD32: NULL | HE32: NULL | HH32: 0 | HI32: 0 | HJ32: 49.08 | HK32: 34.41 | HL32: 6.59 | HN32: NULL | IS32: 0 | IT32: 0 | IU32: 0 | IV32: 0 | IW32: 0 | IX32: 20.0 30.0 40.0 45.0 48.0 50.0 0.0 0.0 | IY32: 0 | IZ32: 0 | JA32: 0 | JB32: 0 | JC32: bar a | JD32: 1400 1700 2000 2300 2600 2900 3200 0.0 | JE32: ||| | JF32: 0 | JH32: NULL | JI32: 0 | JJ32: NULL | JK32: 6.92 | JL32: 0 | JM32: 1
A33: 10/8-HD200G-METAL | B33: SPSA | C33: SLURRY | D33: CLOSED | E33: HD | F33: METAL | G33: 5 | H33: WPG108AH30 | I33: WARMAN | J33: WIP | L33: AH | M33: 10/8 AH-M | N33: 4 | O33: 4 | P33: 1 | Q33: 8 | R33: 2 | S33: 0 | T33: 0 | U33: 0 | V33: NULL | W33: 1 | X33: 0 | Y33: 0 | Z33: 1 | AA33: 0 | AB33: 1 | AC33: 1 | AD33: 0 | AE33: 0 | AF33: 0 | AG33: 0 | AH33: l/sec | AI33: 1 | AJ33: m | AK33: 1 | AL33: 120 | AM33: 600 | AN33: 0 | AO33: 0 | AP33: 0 | AQ33: 900 | AR33: 90.7 | AS33: 9 | AT33: 78.03 | AU33: 0 | AV33: 0 | AW33: 362.88 | AX33: 76.84 | AY33: 350.36 | AZ33: 13.21 | BA33: 90.7 | BB33: 0 | BC33: 23 | BD33: 87 | BE33: 0 | BF33: 0 | BG33: 0 | BH33: 0 | BI33: 0 | BJ33: 0 | BK33: 0 | BL33: 0 | BM33: 400 | BN33: 1000 | BO33: 0 | BP33: 0 | BQ33: 0 | BR33: 90 | BS33: 0 | BT33: 0 | BU33: 1000 | BV33: 686 | BW33: NULL | BX33: 0 | BY33: 10/8-HD200G-METAL;10/8-HD200G-METAL;10/8-HD200G-METAL;10/8-HD200G-METAL | BZ33: 0.00 0.00 0.00 0.00 | CA33: 400.00 600.00 800.00 1000.00 | CB33: 14.5 33 57.9 90.7 | CC33: 229.2 342.5 442.3 550.7 | CD33: NULL | CE33: 14.5;14.3;13.7;13.2;11.9;10.2;8.9|33;31.9;30.8;29.1;27.3;24.3;21.9;19.7|57.9;56;55.1;53.8;51.2;48.4;42.5;38.6;33.8|90.7;87.6;85.7;82;75.7;72;60.7;53.1 | CF33: 0;30;65;70;73.58;70;65|0;45;65;75;77.2;75;70;65|0;50;60;70;77;77.85;75;70;65|0;50;65;75;78.8;77;70;65 | CG33: 0;25.9;85;115.8;163.9;203.3;229.2|0;64.1;119.5;183.6;230.4;277;313;342.5|0;112.1;147.8;197.1;255;303.1;374.5;406.6;442.3|0;134.3;200.8;284.6;375.8;416.4;506.4;550.7 | CI33: 0.7;0.7;0.9;1;2.5;4.5;5.5|1.3;3.9;4.6;6.6;8.6;10;11.2;12.7|4.8;4.2;5.5;6.6;9.2;11;13.4;14.3;15.8|0.4;4.6;7.5;10.5;13.6;14.9;17.5;19.3 | CK33: 10 25 25 25 | CL33: 14.508 -.10158 .0078502 -.000911356 1.289E-05 33.018 -.65105 .1088437 -.01583066 .000449948 57.898 -.35462 -.0100208 -.000782958 -.000105884 90.692 -.5136 -.0009494 -.00128233 -5.1243E-05 | CM33: -0.096 14.23201 -1.066797 0.0385333-0.000596739 0.033 23.45337 -2.680268 0.147903823-0.003798202 0.011 14.49606 -0.8123197 0.014288781-0.000168493 0.006 12.08515 -0.5495329 0.006165344 -2.363E-06 | CN33: 0.654 0.14283 -0.0413476 0.003656545 -7.4961E-05 1.361 1.20969 -0.1725151 0.018937763-0.000616266 4.804 -1.03895 0.2684161-0.015504304 0.000317944 0.397 0.4133 0.1047996-0.007205978 0.000152639 | CO33: 0.00 0.00 0.00 0.00 | CP33: NULL | CQ33: NULL | CR33: 76 | CS33: 0 | CV33: CSP108A01A | CX33: 2100 | CY33: 3100 | CZ33: 1.5 | DA33: 0 | DB33: curves\hd\10/8-HD200G-METAL | DC33: 0 | DD33: 0 | DI33: 10/8 AH | DJ33: HDM200147G-CR | DK33: 200 | DQ33: G | DR33: 600 | DS33: GG | DT33: 900 | EW33: NULL | EX33: NULL | EY33: NULL | EZ33: NULL | FA33: 4 | FB33: NULL | FC33: 0 0 0 0 0 0 0 0 | FD33: 0 0 0 0 0 0 0 0 0 0 0 0 0 0 0 0 | FE33: 1.1111111e+27 | FF33: 0 | FG33: 0 | FH33: 0 | FI33: 0 | FJ33: 0 | FK33: 0 | FL33: 0 | FM33: 0 | FN33: 0 | FO33: 0 | FP33: 0 | FQ33: 0 | FR33: 0 | FS33: 0 | FT33: 0 | FU33: 0 | FV33: 0 | FW33: 0 | FX33: 0 | FY33: 0 | FZ33: 0 | GA33: 0 | GB33: 0 | GC33: 0 | GD33: 0 | GE33: NULL | GF33: NULL | GG33: NULL | GH33: 44876 | GI33: Curve loaded from Warman / Weir printed curve | GJ33: Pieter du Plessis | GK33: Pieter du Plessis | GL33: 0 | GM33: 0 | GN33: 254 | GO33: 203.2 | GP33: 0 | GR33: 45097 | GV33: NULL | GW33: NULL | GX33: NULL | GY33: NULL | GZ33: NULL | HA33: NULL | HB33: NULL | HC33: NULL | HD33: NULL | HE33: NULL | HH33: 0 | HI33: 0 | HJ33: 90.16 | HK33: 69.96 | HL33: 392.26 | HN33: NULL | IS33: 0 | IT33: 0 | IU33: 0 | IV33: 0 | IW33: 0 | IX33: 50.0 60.0 65.0 70.0 75.0 77.0 78.0 0.0 | IY33: 0 | IZ33: 0 | JA33: 0 | JB33: 0 | JC33: bar a | JD33: 400 500 600 700 800 900 1000 0.0 | JE33: ||| | JF33: 2 | JG33: 10/8-HD200G-METAL.png | JH33: NULL | JI33: 0 | JJ33: NULL | JK33: 441.06 | JL33: 19.3 | JM33: 4
A34: 10/8-HD200G-RUBBER | B34: SPSA | C34: SLURRY | D34: CLOSED | E34: HD | F34: RUBBER | G34: 5 | H34: WPG108AH32 | I34: WARMAN | J34: Live | L34: AH | M34: 10/8 AH-R | N34: 1 | O34: 1 | P34: 1 | Q34: 9 | R34: 2 | S34: 0 | T34: 0 | U34: 0 | V34: NULL | W34: 1 | X34: 0 | Y34: 0 | Z34: 1 | AA34: 0 | AB34: 1 | AC34: 1 | AD34: 0 | AE34: 0 | AF34: 0 | AG34: 0 | AH34: l/sec | AI34: 1 | AJ34: m | AK34: 1 | AL34: 49.7 | AM34: 438.9 | AN34: 0 | AO34: 0 | AP34: 0 | AQ34: 900 | AR34: 51.3 | AS34: 33.3 | AT34: 75.56 | AU34: 0 | AV34: 0 | AW34: 299.97 | AX34: 43.09 | AY34: 167.72 | AZ34: 5.38 | BA34: 51.3 | BB34: 0 | BC34: 24 | BD34: 116 | BE34: 0 | BF34: 0 | BG34: 0 | BH34: 0 | BI34: 0 | BJ34: 0 | BK34: 0 | BL34: 0 | BM34: 400 | BN34: 800 | BO34: 0 | BP34: 0 | BQ34: 0 | BR34: 0 | BS34: 0 | BT34: 0 | BU34: 750 | BV34: 686 | BW34: NULL | BX34: 0 | BY34: 10/8-HD200G-RUBBER | CA34: 750 | CB34: 51.3 | CC34: 438.9 | CD34: NULL | CE34: 51.3;50;51.3;50.6;49.3;46.7;43.2;39;33.3 | CF34: 0;35.5;49;60;70;75;75.7;75;70 | CG34: 0;49.7;74.5;111.8;162.5;230.8;297.1;362.3;438.9 | CI34: 0.8;0.9;1.1;1.3;2.2;3.6;5.3;7.2;9.6 | CK34: 25 | CL34: 51.087 -.11063 .0220373 -.008982177 .000273791 | CM34: -0.018 22.85093 -2.6536752 0.141601951-0.002941984 | CN34: 0.815 -0.05286 0.0443818-0.000594028 -7.951E-06 | CO34: 0 | CP34: NULL | CQ34: NULL | CR34: 76 | CS34: 0 | CX34: 0 | CY34: 2100 | CZ34: 0 | DA34: 0 | DB34: curves\hd\10/8-HD200G-RUBBER | DC34: 0 | DD34: 0 | DI34: 10/8 AH | DJ34: HD200147G-RU | DK34: 200 | DQ34: G | DR34: 600 | DS34: GG | DT34: 900 | DY34: Rubber;27% Chrome;Hyper Chrome;Acid Resist Chrome;Blue Diamond;Nitrile ;Neoprene;Polyurethane;Ceramic;316 Stainless Steel;Ferralium;SAF2205 (Duplex SS) | DZ34: Rubber;27% Chrome;Hyper Chrome;Acid Resist Chrome;Blue Diamond;Nitrile ;Neoprene;Polyurethane;Ceramic;316 Stainless Steel;Ferralium;SAF2205 (Duplex SS) | EA34: SG Iron | EB34: Carbon Steel;316 Stainless Steel;Rubber (VSR);SAF2205 (Duplex SS) | EC34: CS62 Plated;420C Stainless Steel;Stellite Plated;316 Stainless Steel;Ferralium;SAF2205 (Duplex SS) | ED34: Expeller;LF Stuffing Box;FF Stuffing Box;ULF Stuffing Box;Dyna Seal | EE34: 27% Chrome;Hyper Chrome;316 Stainless Steel;Ferralium;SAF2205 (Duplex SS);904 Stainless Steel;Cast Iron;316 Stainless Steel;Ferralium;SAF2205 (Duplex SS);904 Stainless Steel;27% Chrome | EW34: NULL | EX34: NULL | EY34: NULL | EZ34: NULL | FA34: 4 | FB34: NULL | FC34: 0 0 0 0 0 0 0 0 | FD34: 0 0 0 0 0 0 0 0 0 0 0 0 0 0 0 0 | FE34: 1.1111111e+31 | FF34: 0 | FG34: 0 | FH34: 0 | FI34: 0 | FJ34: 0 | FK34: 0 | FL34: 0 | FM34: 0 | FN34: 0 | FO34: 0 | FP34: 0 | FQ34: 0 | FR34: 0 | FS34: 0 | FT34: 0 | FU34: 0 | FV34: 0 | FW34: 0 | FX34: 0 | FY34: 0 | FZ34: 0 | GA34: 0 | GB34: 0 | GC34: 0 | GD34: 0 | GE34: NULL | GF34: NULL | GG34: NULL | GH34: 44872 | GI34: Curve loaded from Warman / Weir printed curve | GJ34: Gugu Khoza | GK34: TAS ONLINE | GL34: 0 | GM34: 0 | GN34: 254 | GO34: 203.2 | GP34: 0 | GR34: 45739 | GV34: NULL | GW34: NULL | GX34: NULL | GY34: NULL | GZ34: NULL | HA34: NULL | HB34: NULL | HC34: NULL | HD34: NULL | HE34: NULL | HH34: 0 | HI34: 0 | HJ34: 50.89 | HK34: 39.02 | HL34: 183.37 | HN34: NULL | IS34: 0 | IT34: 0 | IU34: 0 | IV34: 0 | IW34: 0 | IX34: 40.0 50.0 60.0 70.0 75.0 75.7 0.0 0.0 | IY34: 0 | IZ34: 0 | JA34: 0 | JB34: 0 | JC34: bar a | JD34: 400 450 500 550 600 650 700 750 | JE34: 47;530;0;500|490;30;0;60||644;530;0;10 | JF34: 2 | JG34: 10/8-HD200G-RUBBER.png | JH34: NULL | JI34: 0 | JJ34: NULL | JK34: 204.7 | JL34: 0 | JM34: 1
A35: 10/8-HDM200F-METAL | B35: SPSA | C35: SLURRY | D35: CLOSED | E35: HD | F35: METAL | G35: 5 | H35: WPG108AH30 | I35: WARMAN | J35: Live | L35: AH | M35: 10/8 AH-M | N35: 4 | O35: 4 | P35: 1 | Q35: 8 | R35: 2 | S35: 0 | T35: 0 | U35: 0 | V35: NULL | W35: 1 | X35: 0 | Y35: 0 | Z35: 1 | AA35: 1 | AB35: 1 | AC35: 1 | AD35: 0 | AE35: 0 | AF35: 0 | AG35: 0 | AH35: l/sec | AI35: 1 | AJ35: m | AK35: 1 | AL35: 120 | AM35: 600 | AN35: 0 | AO35: 0 | AP35: 0 | AQ35: 425 | AR35: 90.7 | AS35: 9 | AT35: 78.03 | AU35: 0 | AV35: 0 | AW35: 362.88 | AX35: 76.84 | AY35: 350.36 | AZ35: 13.21 | BA35: 90.7 | BB35: 0 | BC35: 23 | BD35: 87 | BE35: 0 | BF35: 0 | BG35: 0 | BH35: 0 | BI35: 0 | BJ35: 0 | BK35: 0 | BL35: 0 | BM35: 400 | BN35: 1000 | BO35: 0 | BP35: 0 | BQ35: 0 | BR35: 90 | BS35: 0 | BT35: 0 | BU35: 1000 | BV35: 686 | BW35: NULL | BX35: 0 | BY35: 10/8 AH-M;10/8 AH-M;10/8 AH-M;10/8 AH-M | BZ35: 0.00 0.00 0.00 0.00 | CA35: 400.00 600.00 800.00 1000.00 | CB35: 14.5 33 57.9 90.7 | CC35: 229.2 342.5 442.3 550.7 | CD35: NULL | CE35: 14.5;14.3;13.7;13.2;11.9;10.2;8.9|33;31.9;30.8;29.1;27.3;24.3;21.9;19.7|57.9;56;55.1;53.8;51.2;48.4;42.5;38.6;33.8|90.7;87.6;85.7;82;75.7;72;60.7;53.1 | CF35: 0;30;65;70;73.58;70;65|0;45;65;75;77.2;75;70;65|0;50;60;70;77;77.85;75;70;65|0;50;65;75;78.8;77;70;65 | CG35: 0;25.9;85;115.8;163.9;203.3;229.2|0;64.1;119.5;183.6;230.4;277;313;342.5|0;112.1;147.8;197.1;255;303.1;374.5;406.6;442.3|0;134.3;200.8;284.6;375.8;416.4;506.4;550.7 | CI35: 0.7;0.7;0.9;1;2.5;4.5;5.5|1.3;3.9;4.6;6.6;8.6;10;11.2;12.7|4.8;4.2;5.5;6.6;9.2;11;13.4;14.3;15.8|0.4;4.6;7.5;10.5;13.6;14.9;17.5;19.3 | CK35: 10 25 25 25 | CL35: 14.508 -.10158 .0078502 -.000911356 1.289E-05 33.018 -.65105 .1088437 -.01583066 .000449948 57.898 -.35462 -.0100208 -.000782958 -.000105884 90.692 -.5136 -.0009494 -.00128233 -5.1243E-05 | CM35: -0.096 14.23201 -1.066797 0.0385333-0.000596739 0.033 23.45337 -2.680268 0.147903823-0.003798202 0.011 14.49606 -0.8123197 0.014288781-0.000168493 0.006 12.08515 -0.5495329 0.006165344 -2.363E-06 | CN35: 0.654 0.14283 -0.0413476 0.003656545 -7.4961E-05 1.361 1.20969 -0.1725151 0.018937763-0.000616266 4.804 -1.03895 0.2684161-0.015504304 0.000317944 0.397 0.4133 0.1047996-0.007205978 0.000152639 | CO35: 0.00 0.00 0.00 0.00 | CP35: NULL | CQ35: NULL | CR35: 76 | CS35: 0 | CT35: WPA108A01A 1988 | CU35: G | CV35: CSP108A01A | CX35: 2100 | CY35: 3100 | CZ35: 1.5 | DA35: 0 | DB35: curves\hd\10_8-hdm200f-metal | DC35: 0 | DD35: 0 | DI35: 10/8 AH | DJ35: HDM200147F-CR | DK35: 200 | DQ35: FAM | DR35: 260 | DS35: FFAM | DT35: 425 | EW35: NULL | EX35: NULL | EY35: NULL | EZ35: NULL | FA35: 4 | FB35: NULL | FC35: 0 0 0 0 0 0 0 0 | FD35: 0 0 0 0 0 0 0 0 0 0 0 0 0 0 0 0 | FE35: 1.1111111e+27 | FF35: 0 | FG35: 0 | FH35: 0 | FI35: 0 | FJ35: 0 | FK35: 0 | FL35: 0 | FM35: 0 | FN35: 0 | FO35: 0 | FP35: 0 | FQ35: 0 | FR35: 0 | FS35: 0 | FT35: 0 | FU35: 0 | FV35: 0 | FW35: 0 | FX35: 0 | FY35: 0 | FZ35: 0 | GA35: 0 | GB35: 0 | GC35: 0 | GD35: 0 | GE35: NULL | GF35: NULL | GG35: NULL | GH35: NULL | GI35: Curve loaded from Warman / Weir printed curve | GJ35: Gugu Khoza | GK35: TAS ONLINE | GL35: 0 | GM35: 0 | GN35: 254 | GO35: 203.2 | GP35: 0 | GR35: 45789 | GV35: NULL | GW35: NULL | GX35: NULL | GY35: NULL | GZ35: NULL | HA35: NULL | HB35: NULL | HC35: NULL | HD35: NULL | HE35: NULL | HH35: 0 | HI35: 0 | HJ35: 90.16 | HK35: 69.96 | HL35: 392.26 | HN35: NULL | IS35: 0 | IT35: 0 | IU35: 0 | IV35: 0 | IW35: 0 | IX35: 50.0 60.0 65.0 70.0 75.0 77.0 78.0 0.0 | IY35: 0 | IZ35: 0 | JA35: 0 | JB35: 0 | JC35: bar a | JD35: 400 500 600 700 800 900 1000 0.0 | JE35: 41;528;0;600|475;14;0;100||629;515;0;25 | JF35: 2 | JG35: HD200_(5VC-M).png | JH35: NULL | JI35: 0 | JJ35: NULL | JK35: 441.06 | JL35: 19.3 | JM35: 4
A36: 10/8-HDM200F-RUBBER | B36: SPSA | C36: SLURRY | D36: CLOSED | E36: HD | F36: RUBBER | G36: 5 | H36: WPG108AH32 | I36: WARMAN | J36: Live | L36: AH | M36: 10/8 AH-R | N36: 1 | O36: 1 | P36: 1 | Q36: 9 | R36: 2 | S36: 0 | T36: 0 | U36: 0 | V36: NULL | W36: 1 | X36: 0 | Y36: 0 | Z36: 1 | AA36: 0 | AB36: 1 | AC36: 1 | AD36: 0 | AE36: 0 | AF36: 0 | AG36: 0 | AH36: l/sec | AI36: 1 | AJ36: m | AK36: 1 | AL36: 50 | AM36: 439.7 | AN36: 0 | AO36: 0 | AP36: 0 | AQ36: 425 | AR36: 51.3 | AS36: 33.5 | AT36: 75.67 | AU36: 0 | AV36: 0 | AW36: 296.36 | AX36: 43.21 | AY36: 165.94 | AZ36: 10.4 | BA36: 51.3 | BB36: 0 | BC36: 26 | BD36: 75 | BE36: 0 | BF36: 0 | BG36: 0 | BH36: 0 | BI36: 0 | BJ36: 0 | BK36: 0 | BL36: 0 | BM36: 400 | BN36: 800 | BO36: 0 | BP36: 0 | BQ36: 0 | BR36: 0 | BS36: 0 | BT36: 0 | BU36: 800 | BV36: 686 | BW36: NULL | BX36: 0 | BY36: 10/8 AH-R | CA36: 800 | CB36: 51.3 | CC36: 439.7 | CD36: NULL | CE36: 51.3;51.4;51.3;50.9;49.7;46.9;43.1;39;33.5 | CF36: 0;35.5;50;60;70;75;75.7;75;70 | CG36: 0;50;77;113;162;230;298;360;439.7 | CI36: 2;2;2;2.8;4.4;7;10.4;14.2;19.4 | CK36: 25 | CL36: 51.28 .19737 -.0494333 -.004106721 .000171279 | CM36: -0.017 22.69774 -2.6103897 0.137775391-0.002835158 | CN36: 2.009 -0.28857 0.119964-0.003741808 5.9859E-05 | CO36: 0 | CP36: NULL | CQ36: NULL | CR36: 76 | CS36: 0 | CT36: HD200 (5) | CX36: 0 | CY36: 2100 | CZ36: 0 | DA36: 0 | DB36: curves\hd\10_8-hdm200f-rubber | DC36: 0 | DD36: 0 | DI36: 10/8 AH | DJ36: HDM200147F-RU | DK36: 200 | DQ36: FAM | DR36: 260 | DS36: FFAM | DT36: 425 | EW36: NULL | EX36: NULL | EY36: NULL | EZ36: NULL | FA36: 4 | FB36: NULL | FE36: 1.1111111e+35 | FF36: 0 | FG36: 0 | FH36: 0 | FI36: 0 | FJ36: 0 | FK36: 0 | FL36: 0 | FM36: 0 | FN36: 0 | FO36: 0 | FP36: 0 | FQ36: 0 | FR36: 0 | FS36: 0 | FT36: 0 | FU36: 0 | FV36: 0 | FW36: 0 | FX36: 0 | FY36: 0 | FZ36: 0 | GA36: 0 | GB36: 0 | GC36: 0 | GD36: 0 | GE36: NULL | GF36: NULL | GG36: NULL | GH36: 44648 | GI36: Curve loaded from Warman / Weir printed curve | GJ36: Gugu Khoza | GK36: TAS ONLINE | GL36: 0 | GM36: 0 | GN36: 254 | GO36: 203.2 | GP36: 0 | GQ36: A | GR36: 45740 | GV36: NULL | GW36: NULL | GX36: NULL | GY36: NULL | GZ36: NULL | HA36: NULL | HB36: NULL | HC36: NULL | HD36: NULL | HE36: NULL | HH36: 0 | HI36: 0 | HJ36: 51.45 | HK36: 39.28 | HL36: 182.26 | HN36: NULL | IS36: 0 | IT36: 0 | IU36: 0 | IV36: 0 | IW36: 0 | IX36: 40;50;60;70;75;75.7; | IY36: 0 | IZ36: 0 | JA36: 0 | JB36: 0 | JC36: bar a | JD36: 400;450;500;550;600;650;700;750;800 | JE36: ||| | JF36: 0 | JH36: NULL | JI36: 0 | JJ36: NULL | JK36: 206.3 | JL36: 0 | JM36: 1
A37: 10/8-HDP200FF-METAL | B37: SPSA | C37: SLURRY | D37: CLOSED | E37: HD | F37: METAL | G37: 5 | H37: WPG108AH30 | I37: WARMAN | J37: Live | L37: AH | M37: 10/8 AH-M | N37: 4 | O37: 4 | P37: 1 | Q37: 8 | R37: 2 | S37: 0 | T37: 0 | U37: 0 | V37: NULL | W37: 1 | X37: 0 | Y37: 0 | Z37: 1 | AA37: 0 | AB37: 1 | AC37: 1 | AD37: 0 | AE37: 0 | AF37: 0 | AG37: 0 | AH37: l/sec | AI37: 1 | AJ37: m | AK37: 1 | AL37: 120 | AM37: 600 | AN37: 0 | AO37: 0 | AP37: 0 | AQ37: 425 | AR37: 90.7 | AS37: 9 | AT37: 78.03 | AU37: 0 | AV37: 0 | AW37: 362.88 | AX37: 76.84 | AY37: 350.36 | AZ37: 13.21 | BA37: 90.7 | BB37: 0 | BC37: 23 | BD37: 87 | BE37: 0 | BF37: 0 | BG37: 0 | BH37: 0 | BI37: 0 | BJ37: 0 | BK37: 0 | BL37: 0 | BM37: 400 | BN37: 1000 | BO37: 0 | BP37: 0 | BQ37: 0 | BR37: 90 | BS37: 0 | BT37: 0 | BU37: 1000 | BV37: 686 | BW37: NULL | BX37: 0 | BY37: 10/8-HDP200FF-METAL;10/8-HDP200FF-METAL;10/8-HDP200FF-METAL;10/8-HDP200FF-METAL | BZ37: 0.00 0.00 0.00 0.00 | CA37: 400.00 600.00 800.00 1000.00 | CB37: 14.5 33 57.9 90.7 | CC37: 229.2 342.5 442.3 550.7 | CD37: NULL | CE37: 14.5;14.3;13.7;13.2;11.9;10.2;8.9|33;31.9;30.8;29.1;27.3;24.3;21.9;19.7|57.9;56;55.1;53.8;51.2;48.4;42.5;38.6;33.8|90.7;87.6;85.7;82;75.7;72;60.7;53.1 | CF37: 0;30;65;70;73.58;70;65|0;45;65;75;77.2;75;70;65|0;50;60;70;77;77.85;75;70;65|0;50;65;75;78.8;77;70;65 | CG37: 0;25.9;85;115.8;163.9;203.3;229.2|0;64.1;119.5;183.6;230.4;277;313;342.5|0;112.1;147.8;197.1;255;303.1;374.5;406.6;442.3|0;134.3;200.8;284.6;375.8;416.4;506.4;550.7 | CI37: 0.7;0.7;0.9;1;2.6;4.5;5.5|1.3;3.9;4.6;6.6;8.6;10;11.2;12.7|4.8;4.2;5.5;6.6;9.2;11;13.4;14.3;15.8|0.4;4.6;7.5;10.5;13.6;14.9;17.5;19.3 | CK37: 10 25 25 25 | CL37: 14.508 -.10158 .0078502 -.000911356 1.289E-05 33.018 -.65105 .1088437 -.01583066 .000449948 57.898 -.35462 -.0100208 -.000782958 -.000105884 90.692 -.5136 -.0009494 -.00128233 -5.1243E-05 | CM37: -0.096 14.23201 -1.066797 0.0385333-0.000596739 0.033 23.45337 -2.680268 0.147903823-0.003798202 0.011 14.49606 -0.8123197 0.014288781-0.000168493 0.006 12.08515 -0.5495329 0.006165344 -2.363E-06 | CN37: 0.659 0.13355 -0.0402652 0.003664044 -7.6649E-05 1.361 1.20969 -0.1725151 0.018937763-0.000616266 4.804 -1.03895 0.2684161-0.015504304 0.000317944 0.397 0.4133 0.1047996-0.007205978 0.000152639 | CO37: 0.00 0.00 0.00 0.00 | CP37: NULL | CQ37: NULL | CR37: 76 | CS37: 0 | CV37: CSP108A01A | CX37: 2100 | CY37: 35 | CZ37: 1.5 | DA37: 0 | DB37: curves\hd\10/8-HDP200FF-METAL | DC37: 0 | DD37: 0 | DI37: 10/8 AH | DJ37: HDM200147F-CR | DK37: 200 | DQ37: FF | DR37: 460 | EW37: NULL | EX37: NULL | EY37: NULL | EZ37: NULL | FA37: 4 | FB37: NULL | FC37: 0 0 0 0 0 0 0 0 | FD37: 0 0 0 0 0 0 0 0 0 0 0 0 0 0 0 0 | FE37: 1.1111111e+27 | FF37: 0 | FG37: 0 | FH37: 0 | FI37: 0 | FJ37: 0 | FK37: 0 | FL37: 0 | FM37: 0 | FN37: 0 | FO37: 0 | FP37: 0 | FQ37: 0 | FR37: 0 | FS37: 0 | FT37: 0 | FU37: 0 | FV37: 0 | FW37: 0 | FX37: 0 | FY37: 0 | FZ37: 0 | GA37: 0 | GB37: 0 | GC37: 0 | GD37: 0 | GE37: NULL | GF37: NULL | GG37: NULL | GH37: 44876 | GI37: Curve loaded from Warman / Weir printed curve | GJ37: Pieter du Plessis | GK37: Pieter du Plessis | GL37: 0 | GM37: 0 | GN37: 254 | GO37: 203.2 | GP37: 0 | GR37: 45092 | GV37: NULL | GW37: NULL | GX37: NULL | GY37: NULL | GZ37: NULL | HA37: NULL | HB37: NULL | HC37: NULL | HD37: NULL | HE37: NULL | HH37: 0 | HI37: 0 | HJ37: 90.16 | HK37: 69.96 | HL37: 392.26 | HN37: NULL | IS37: 0 | IT37: 0 | IU37: 0 | IV37: 0 | IW37: 0 | IX37: 50.0 60.0 65.0 70.0 75.0 77.0 78.0 0.0 | IY37: 0 | IZ37: 0 | JA37: 0 | JB37: 0 | JC37: bar a | JD37: 400 500 600 700 800 900 1000 0.0 | JE37: 41;528;0;600|475;14;0;100||629;515;0;25 | JF37: 2 | JH37: NULL | JI37: 0 | JJ37: NULL | JK37: 441.06 | JL37: 19.3 | JM37: 4
A38: 11/4-HDF100D-METAL | B38: SPSA | C38: SLURRY | D38: OPEN | E38: HD | F38: METAL | G38: 4 | H38: WPA4C51 | I38: WARMAN | J38: WIP | N38: 3 | O38: 3 | P38: 1 | Q38: 11 | R38: 2 | S38: 0 | T38: 0 | U38: 0 | V38: NULL | W38: 1 | X38: 0 | Y38: 0 | Z38: 1 | AA38: 0 | AB38: 1 | AC38: 1 | AD38: 1 | AE38: 0 | AF38: 0 | AG38: 0 | AH38: l/sec | AI38: 1 | AJ38: m | AK38: 1 | AL38: 14 | AM38: 174.3 | AN38: 0 | AO38: 0 | AP38: 0 | AQ38: 0 | AR38: 70.2 | AS38: 5 | AT38: 68.13 | AU38: 0 | AV38: 0 | AW38: 128.05 | AX38: 61.82 | AY38: 113.91 | AZ38: 6.45 | BA38: 70.2 | BB38: 0 | BC38: 26 | BD38: 141 | BE38: 0 | BF38: 0 | BG38: 0 | BH38: 0 | BI38: 0 | BJ38: 0 | BK38: 0 | BL38: 0 | BM38: 500 | BN38: 1600 | BO38: 0 | BP38: 0 | BQ38: 0 | BR38: 0 | BS38: 0 | BT38: 0 | BU38: 1600 | BV38: 388 | BW38: NULL | BX38: 0 | BY38: 4 AHF;4 AHF;4 AHF | CA38: 500.00 1200.00 1600.00 | CB38: 7 39.9 70.2 | CC38: 55.7 130.8 174.3 | CD38: NULL | CE38: 7;7;7;6.7;6.4;6.1;6;5.7;5|39.9;39.8;39.4;39;38.3;37.1;36.6;34.9;33.1;31.7;29.7|70.2;70.5;69.8;69;67.7;66.5;65.5;62;57.5;55.6;52.8 | CF38: 0;45;55;60;64;66;68.1;66;64|0;45;55;60;64;66;67;68.1;67;66;64|0;45;55;60;64;66;67;68.1;67;66;63 | CG38: 0;14;19.8;24.8;32.7;39.2;44.2;46;55.7|0;31.3;44.6;53.9;65.4;74.7;82.6;95.9;109.6;119.3;130.8|0;41.3;58.6;70.8;85.1;96.3;104.2;125.7;152.3;161.3;174.3 | CI38: 0.9;0.9;0.9;0.9;0.9;0.9;1;1.1;1.2|0.9;2;2.5;2.8;3.2;3.4;3.6;4.1;4.5;4.7;5.1|2.5;3.5;4.3;4.6;5.2;5.5;5.9;6.5;7;7.4;8 | CK38: 5 10 10 | CL38: 6.996 .20573 -.0886424 .009323134 -.000400907 39.891 .17798 -.050184 -.003787865 .000156724 70.194 .40597 -.0730987 -.001691216 7.3049E-05 | CM38: -0.037 24.44925 -3.6180956 0.266578399-0.008300967 0.006 20.54564 -2.3373121 0.124512242-0.002854182 -0.016 15.79115 -1.4159059 0.06239317-0.001217042 | CN38: 0.898 0.06547 -0.0316182 0.004363697-0.000164149 0.897 0.36914 -0.0007289-0.000694761 3.577E-05 2.504 -0.00396 0.087255-0.007537756 0.00020523 | CO38: 0.00 0.00 0.00 | CP38: NULL | CQ38: NULL | CR38: 0 | CS38: 0 | CX38: 0 | CY38: 0 | CZ38: 0 | DA38: 0 | DC38: 0 | DD38: 0 | DQ38: DAM | DR38: 60 | DS38: DDAM | DT38: 110 | EW38: NULL | EX38: NULL | EY38: NULL | EZ38: NULL | FA38: 4 | FB38: NULL | FC38: 0 0 0 0 0 0 0 0 | FD38: 0 0 0 0 0 0 0 0 0 0 0 0 0 0 0 0 | FE38: 1.1111111e+31 | FF38: 0 | FG38: 0 | FH38: 0 | FI38: 0 | FJ38: 0 | FK38: 0 | FL38: 0 | FM38: 0 | FN38: 0 | FO38: 0 | FP38: 0 | FQ38: 0 | FR38: 0 | FS38: 0 | FT38: 0 | FU38: 0 | FV38: 0 | FW38: 0 | FX38: 0 | FY38: 0 | FZ38: 0 | GA38: 0 | GB38: 0 | GC38: 0 | GD38: 0 | GE38: NULL | GF38: NULL | GG38: NULL | GH38: 45149 | GJ38: Pieter du Plessis | GK38: Pieter du Plessis | GL38: 0 | GM38: 0 | GN38: 279.4 | GO38: 101.6 | GP38: 0 | GR38: 45162 | GV38: NULL | GW38: NULL | GX38: NULL | GY38: NULL | GZ38: NULL | HA38: NULL | HB38: NULL | HC38: NULL | HD38: NULL | HE38: NULL | HH38: 0 | HI38: 0 | HJ38: 70.61 | HK38: 57.11 | HL38: 128.72 | HN38: NULL | IS38: 0 | IT38: 0 | IU38: 0 | IV38: 0 | IW38: 0 | IX38: 45.0 55.0 60.0 64.0 66.0 67.0 0.0 0.0 | IY38: 0 | IZ38: 0 | JA38: 0 | JB38: 0 | JC38: bar a | JD38: 500 700 900 1050 1200 1350 1500 1600 | JE38: 28;529;0;180|598;25;0;80|| | JF38: 0 | JG38: 11_4-HDF100D-METAL.png | JH38: NULL | JI38: 0 | JJ38: NULL | JK38: 143.22 | JL38: 8 | JM38: 3
A39: 12/10-HD250G-METAL | B39: SPSA | C39: SLURRY | D39: CLOSED | E39: HD | F39: METAL | G39: 5 | H39: WPG1210AH30 | I39: WARMAN | J39: Live | L39: AH | M39: 12/10 AH-M | N39: 1 | O39: 1 | P39: 1 | Q39: 8 | R39: 2 | S39: 0 | T39: 0 | U39: 0 | V39: NULL | W39: 1 | X39: 0 | Y39: 0 | Z39: 1 | AA39: 0 | AB39: 1 | AC39: 1 | AD39: 0 | AE39: 0 | AF39: 0 | AG39: 0 | AH39: l/sec | AI39: 1 | AJ39: m | AK39: 1 | AL39: 104 | AM39: 650 | AN39: 0 | AO39: 0 | AP39: 0 | AQ39: 900 | AR39: 84.3 | AS39: 60 | AT39: 80.52 | AU39: 0 | AV39: 0 | AW39: 555.19 | AX39: 67.02 | AY39: 453.06 | AZ39: 10.89 | BA39: 84.3 | BB39: 0 | BC39: 29 | BD39: 112 | BE39: 0 | BF39: 0 | BG39: 0 | BH39: 0 | BI39: 0 | BJ39: 0 | BK39: 0 | BL39: 0 | BM39: 300 | BN39: 900 | BO39: 0 | BP39: 0 | BQ39: 0 | BR39: 0 | BS39: 0 | BT39: 0 | BU39: 900 | BV39: 762 | BW39: NULL | BX39: 0 | BY39: 12/10-HD250G-METAL | CA39: 900 | CB39: 84.3 | CC39: 650 | CD39: NULL | CE39: 84.3;84.7;82.9;80.3;78;74.5;67;60 | CF39: 0;40;60;70;75;78;80;78 | CG39: 0;104;218;303;362;430;556;650 | CI39: 3.1;3.1;4.4;5.2;6.3;7.6;11;14 | CK39: 25 | CL39: 84.3 .35568 -.0663059 .00094832 -1.1782E-05 | CM39: 0.243 12.3562 -0.8446325 0.030252872-0.000447436 | CN39: 3.064 -0.04308 0.0221715 -0.00037844 8.202E-06 | CO39: 0 | CP39: NULL | CQ39: NULL | CR39: 86 | CS39: 0 | CX39: 0 | CY39: 2100 | CZ39: 0 | DA39: 0 | DB39: curves\hd\12/10-HD250G-METAL | DC39: 0 | DD39: 0 | DI39: 12/10 AH | DJ39: HD250147G-CR | DK39: 250 | DQ39: G | DR39: 600 | DS39: GG | DT39: 900 | EW39: NULL | EX39: NULL | EY39: NULL | EZ39: NULL | FA39: 4 | FB39: NULL | FE39: 1111 | FF39: 0 | FG39: 0 | FH39: 0 | FI39: 0 | FJ39: 0 | FK39: 0 | FL39: 0 | FM39: 0 | FN39: 0 | FO39: 0 | FP39: 0 | FQ39: 0 | FR39: 0 | FS39: 0 | FT39: 0 | FU39: 0 | FV39: 0 | FW39: 0 | FX39: 0 | FY39: 0 | FZ39: 0 | GA39: 0 | GB39: 0 | GC39: 0 | GD39: 0 | GE39: NULL | GF39: NULL | GG39: NULL | GH39: 44872 | GI39: Curve loaded from Warman / Weir printed curve | GJ39: Gugu Khoza | GK39: Pieter du Plessis | GL39: 0 | GM39: 0 | GN39: 304.8 | GO39: 254 | GP39: 0 | GR39: 44875 | GV39: NULL | GW39: NULL | GX39: NULL | GY39: NULL | GZ39: NULL | HA39: NULL | HB39: NULL | HC39: NULL | HD39: NULL | HE39: NULL | HH39: 0 | HI39: 0 | HJ39: 84.7 | HK39: 58.69 | HL39: 500.64 | HN39: NULL | IS39: 0 | IT39: 0 | IU39: 0 | IV39: 0 | IW39: 0 | IX39: 40;60;70;75;78;80; | IY39: 0 | IZ39: 0 | JA39: 0 | JB39: 0 | JC39: bar a | JD39: 300;400;500;600;700;800;900 | JE39: ||| | JF39: 0 | JH39: NULL | JI39: 0 | JJ39: NULL | JK39: 490.2 | JL39: 0 | JM39: 1
A40: 12/10-HD250G-RUBBER | B40: SPSA | C40: SLURRY | D40: CLOSED | E40: HD | F40: RUBBER | G40: 5 | H40: WPG1210AH32 | I40: WARMAN | J40: Live | L40: AH | M40: 12/10 AH-R | N40: 1 | O40: 1 | P40: 1 | Q40: 8 | R40: 2 | S40: 0 | T40: 0 | U40: 0 | V40: NULL | W40: 1 | X40: 0 | Y40: 0 | Z40: 1 | AA40: 0 | AB40: 1 | AC40: 1 | AD40: 0 | AE40: 0 | AF40: 0 | AG40: 0 | AH40: l/sec | AI40: 1 | AJ40: m | AK40: 1 | AL40: 80 | AM40: 488 | AN40: 0 | AO40: 0 | AP40: 0 | AQ40: 425 | AR40: 44.9 | AS40: 34 | AT40: 81.15 | AU40: 0 | AV40: 0 | AW40: 430.35 | AX40: 36.42 | AY40: 189.36 | AZ40: 7.06 | BA40: 44.9 | BB40: 0 | BC40: 31 | BD40: 106 | BE40: 0 | BF40: 0 | BG40: 0 | BH40: 0 | BI40: 0 | BJ40: 0 | BK40: 0 | BL40: 0 | BM40: 300 | BN40: 700 | BO40: 0 | BP40: 0 | BQ40: 0 | BR40: 0 | BS40: 0 | BT40: 0 | BU40: 700 | BV40: 762 | BW40: NULL | BX40: 0 | BY40: 12/10 AH-R | CA40: 700 | CB40: 44.9 | CC40: 488 | CD40: NULL | CE40: 44.9;44.6;43.9;42.7;41.7;39.3;36.6;34 | CF40: 0;40;60;70;75;80;81;80 | CG40: 0;80;155;225;272;354;425;488 | CI40: 2;2;3;4;5;6;7;8 | CK40: 25 | CL40: 44.903 -.04998 -.010103 -.001566438 3.8304E-05 | CM40: 0.056 16.44913 -1.457622 0.066618421-0.001249181 | CN40: 2.001 -0.26505 0.1023469-0.006434882 0.000138019 | CO40: 0 | CP40: NULL | CQ40: NULL | CR40: 86 | CS40: 0 | CT40: HD250 (5) | CX40: 0 | CY40: 2100 | CZ40: 0 | DA40: 0 | DB40: curves\hd\12_10-hdm250f-rubber | DC40: 0 | DD40: 0 | DI40: 12/10 AH | DJ40: HDM250147F-RU | DK40: 250 | DQ40: FAM | DR40: 260 | DS40: FFAM | DT40: 425 | EW40: NULL | EX40: NULL | EY40: NULL | EZ40: NULL | FA40: 4 | FB40: NULL | FE40: 1.1111111e+35 | FF40: 0 | FG40: 0 | FH40: 0 | FI40: 0 | FJ40: 0 | FK40: 0 | FL40: 0 | FM40: 0 | FN40: 0 | FO40: 0 | FP40: 0 | FQ40: 0 | FR40: 0 | FS40: 0 | FT40: 0 | FU40: 0 | FV40: 0 | FW40: 0 | FX40: 0 | FY40: 0 | FZ40: 0 | GA40: 0 | GB40: 0 | GC40: 0 | GD40: 0 | GE40: NULL | GF40: NULL | GG40: NULL | GH40: 44648 | GI40: Curve loaded from Warman / Weir printed curve | GJ40: Gugu Khoza | GK40: Pieter du Plessis | GL40: 0 | GM40: 0 | GN40: 304.8 | GO40: 254 | GP40: 0 | GQ40: A | GR40: 44869 | GV40: NULL | GW40: NULL | GX40: NULL | GY40: NULL | GZ40: NULL | HA40: NULL | HB40: NULL | HC40: NULL | HD40: NULL | HE40: NULL | HH40: 0 | HI40: 0 | HJ40: 44.59 | HK40: 32.73 | HL40: 213.47 | HN40: NULL | IS40: 0 | IT40: 0 | IU40: 0 | IV40: 0 | IW40: 0 | IX40: 40;60;70;75;80;81; | IY40: 0 | IZ40: 0 | JA40: 0 | JB40: 0 | JC40: bar a | JD40: 300;350;400;450;500;550;600;650;700 | JE40: ||| | JF40: 0 | JH40: NULL | JI40: 0 | JJ40: NULL | JK40: 203.33 | JL40: 0 | JM40: 1
A41: 12/10-HDM250F-METAL | B41: SPSA | C41: SLURRY | D41: CLOSED | E41: HD | F41: METAL | G41: 5 | H41: WPG1210AH30 | I41: WARMAN | J41: Live | L41: AH | M41: 12/10 AH-M | N41: 1 | O41: 1 | P41: 1 | Q41: 8 | R41: 2 | S41: 0 | T41: 0 | U41: 0 | V41: NULL | W41: 1 | X41: 0 | Y41: 0 | Z41: 1 | AA41: 0 | AB41: 1 | AC41: 1 | AD41: 0 | AE41: 0 | AF41: 0 | AG41: 0 | AH41: l/sec | AI41: 1 | AJ41: m | AK41: 1 | AL41: 104 | AM41: 650 | AN41: 0 | AO41: 0 | AP41: 0 | AQ41: 425 | AR41: 84.3 | AS41: 60 | AT41: 80.52 | AU41: 0 | AV41: 0 | AW41: 555.19 | AX41: 67.02 | AY41: 453.06 | AZ41: 10.89 | BA41: 84.3 | BB41: 0 | BC41: 29 | BD41: 112 | BE41: 0 | BF41: 0 | BG41: 0 | BH41: 0 | BI41: 0 | BJ41: 0 | BK41: 0 | BL41: 0 | BM41: 300 | BN41: 900 | BO41: 0 | BP41: 0 | BQ41: 0 | BR41: 0 | BS41: 0 | BT41: 0 | BU41: 900 | BV41: 762 | BW41: NULL | BX41: 0 | BY41: 12/10 AH-M | CA41: 900 | CB41: 84.3 | CC41: 650 | CD41: NULL | CE41: 84.3;84.7;82.9;80.3;78;74.5;67;60 | CF41: 0;40;60;70;75;78;80;78 | CG41: 0;104;218;303;362;430;556;650 | CI41: 3.1;3.1;4.4;5.2;6.3;7.6;11;14 | CK41: 25 | CL41: 84.3 .35568 -.0663059 .00094832 -1.1782E-05 | CM41: 0.243 12.3562 -0.8446325 0.030252872-0.000447436 | CN41: 3.064 -0.04308 0.0221715 -0.00037844 8.202E-06 | CO41: 0 | CP41: NULL | CQ41: NULL | CR41: 86 | CS41: 0 | CT41: HD250 (5) | CX41: 0 | CY41: 2100 | CZ41: 0 | DA41: 0 | DB41: curves\hd\12_10-hdm250f-metal | DC41: 0 | DD41: 0 | DI41: 12/10 AH | DJ41: HDM250147F-CR | DK41: 250 | DQ41: FAM | DR41: 260 | DS41: FFAM | DT41: 425 | EW41: NULL | EX41: NULL | EY41: NULL | EZ41: NULL | FA41: 4 | FB41: NULL | FE41: 1.1111111e+27 | FF41: 0 | FG41: 0 | FH41: 0 | FI41: 0 | FJ41: 0 | FK41: 0 | FL41: 0 | FM41: 0 | FN41: 0 | FO41: 0 | FP41: 0 | FQ41: 0 | FR41: 0 | FS41: 0 | FT41: 0 | FU41: 0 | FV41: 0 | FW41: 0 | FX41: 0 | FY41: 0 | FZ41: 0 | GA41: 0 | GB41: 0 | GC41: 0 | GD41: 0 | GE41: NULL | GF41: NULL | GG41: NULL | GH41: 44648 | GI41: Curve loaded from Warman / Weir printed curve | GJ41: Gugu Khoza | GK41: Pieter du Plessis | GL41: 0 | GM41: 0 | GN41: 304.8 | GO41: 254 | GP41: 0 | GQ41: A | GR41: 44872 | GV41: NULL | GW41: NULL | GX41: NULL | GY41: NULL | GZ41: NULL | HA41: NULL | HB41: NULL | HC41: NULL | HD41: NULL | HE41: NULL | HH41: 0 | HI41: 0 | HJ41: 84.7 | HK41: 58.69 | HL41: 500.64 | HN41: NULL | IS41: 0 | IT41: 0 | IU41: 0 | IV41: 0 | IW41: 0 | IX41: 40;60;70;75;78;80; | IY41: 0 | IZ41: 0 | JA41: 0 | JB41: 0 | JC41: bar a | JD41: 300;400;500;600;700;800;900 | JE41: ||| | JF41: 0 | JH41: NULL | JI41: 0 | JJ41: NULL | JK41: 490.2 | JL41: 0 | JM41: 1
A42: 12/10-HDM250F-RUBBER | B42: SPSA | C42: SLURRY | D42: CLOSED | E42: HD | F42: RUBBER | G42: 5 | H42: WPG1210AH32 | I42: WARMAN | J42: Live | L42: AH | M42: 12/10 AH-R | N42: 1 | O42: 1 | P42: 1 | Q42: 8 | R42: 2 | S42: 0 | T42: 0 | U42: 0 | V42: NULL | W42: 1 | X42: 0 | Y42: 0 | Z42: 1 | AA42: 0 | AB42: 1 | AC42: 1 | AD42: 0 | AE42: 0 | AF42: 0 | AG42: 0 | AH42: l/sec | AI42: 1 | AJ42: m | AK42: 1 | AL42: 80 | AM42: 488 | AN42: 0 | AO42: 0 | AP42: 0 | AQ42: 425 | AR42: 44.9 | AS42: 34 | AT42: 81.15 | AU42: 0 | AV42: 0 | AW42: 430.35 | AX42: 36.42 | AY42: 189.36 | AZ42: 7.06 | BA42: 44.9 | BB42: 0 | BC42: 31 | BD42: 106 | BE42: 0 | BF42: 0 | BG42: 0 | BH42: 0 | BI42: 0 | BJ42: 0 | BK42: 0 | BL42: 0 | BM42: 300 | BN42: 700 | BO42: 0 | BP42: 0 | BQ42: 0 | BR42: 0 | BS42: 0 | BT42: 0 | BU42: 700 | BV42: 762 | BW42: NULL | BX42: 0 | BY42: 12/10 AH-R | CA42: 700 | CB42: 44.9 | CC42: 488 | CD42: NULL | CE42: 44.9;44.6;43.9;42.7;41.7;39.3;36.6;34 | CF42: 0;40;60;70;75;80;81;80 | CG42: 0;80;155;225;272;354;425;488 | CI42: 2;2;3;4;5;6;7;8 | CK42: 25 | CL42: 44.903 -.04998 -.010103 -.001566438 3.8304E-05 | CM42: 0.056 16.44913 -1.457622 0.066618421-0.001249181 | CN42: 2.001 -0.26505 0.1023469-0.006434882 0.000138019 | CO42: 0 | CP42: NULL | CQ42: NULL | CR42: 86 | CS42: 0 | CT42: HD250 (5) | CX42: 0 | CY42: 2100 | CZ42: 0 | DA42: 0 | DB42: curves\hd\12_10-hdm250f-rubber | DC42: 0 | DD42: 0 | DI42: 12/10 AH | DJ42: HDM250147F-RU | DK42: 250 | DQ42: FAM | DR42: 260 | DS42: FFAM | DT42: 425 | EW42: NULL | EX42: NULL | EY42: NULL | EZ42: NULL | FA42: 4 | FB42: NULL | FE42: 1.1111111e+35 | FF42: 0 | FG42: 0 | FH42: 0 | FI42: 0 | FJ42: 0 | FK42: 0 | FL42: 0 | FM42: 0 | FN42: 0 | FO42: 0 | FP42: 0 | FQ42: 0 | FR42: 0 | FS42: 0 | FT42: 0 | FU42: 0 | FV42: 0 | FW42: 0 | FX42: 0 | FY42: 0 | FZ42: 0 | GA42: 0 | GB42: 0 | GC42: 0 | GD42: 0 | GE42: NULL | GF42: NULL | GG42: NULL | GH42: 44648 | GI42: Curve loaded from Warman / Weir printed curve | GJ42: Gugu Khoza | GK42: Pieter du Plessis | GL42: 0 | GM42: 0 | GN42: 304.8 | GO42: 254 | GP42: 0 | GQ42: A | GR42: 44869 | GV42: NULL | GW42: NULL | GX42: NULL | GY42: NULL | GZ42: NULL | HA42: NULL | HB42: NULL | HC42: NULL | HD42: NULL | HE42: NULL | HH42: 0 | HI42: 0 | HJ42: 44.59 | HK42: 32.73 | HL42: 213.47 | HN42: NULL | IS42: 0 | IT42: 0 | IU42: 0 | IV42: 0 | IW42: 0 | IX42: 40;60;70;75;80;81; | IY42: 0 | IZ42: 0 | JA42: 0 | JB42: 0 | JC42: bar a | JD42: 300;350;400;450;500;550;600;650;700 | JE42: ||| | JF42: 0 | JH42: NULL | JI42: 0 | JJ42: NULL | JK42: 203.33 | JL42: 0 | JM42: 1
A43: 12/10-HDP250FF-METAL | B43: SPSA | C43: SLURRY | D43: CLOSED | E43: HD | F43: METAL | G43: 5 | H43: WPG1210AH30 | I43: WARMAN | J43: Live | L43: AH | M43: 12/10 AH-M | N43: 1 | O43: 1 | P43: 1 | Q43: 8 | R43: 2 | S43: 0 | T43: 0 | U43: 0 | V43: NULL | W43: 1 | X43: 0 | Y43: 0 | Z43: 1 | AA43: 0 | AB43: 1 | AC43: 1 | AD43: 0 | AE43: 0 | AF43: 0 | AG43: 0 | AH43: l/sec | AI43: 1 | AJ43: m | AK43: 1 | AL43: 104 | AM43: 650 | AN43: 0 | AO43: 0 | AP43: 0 | AQ43: 460 | AR43: 84.3 | AS43: 60 | AT43: 80.52 | AU43: 0 | AV43: 0 | AW43: 555.19 | AX43: 67.02 | AY43: 453.06 | AZ43: 10.89 | BA43: 84.3 | BB43: 0 | BC43: 29 | BD43: 112 | BE43: 0 | BF43: 0 | BG43: 0 | BH43: 0 | BI43: 0 | BJ43: 0 | BK43: 0 | BL43: 0 | BM43: 300 | BN43: 900 | BO43: 0 | BP43: 0 | BQ43: 0 | BR43: 0 | BS43: 0 | BT43: 0 | BU43: 900 | BV43: 762 | BW43: NULL | BX43: 0 | BY43: 12/10-HDP250FF-METAL | CA43: 900 | CB43: 84.3 | CC43: 650 | CD43: NULL | CE43: 84.3;84.7;82.9;80.3;78;74.5;67;60 | CF43: 0;40;60;70;75;78;80;78 | CG43: 0;104;218;303;362;430;556;650 | CI43: 3.1;3.1;4.4;5.2;6.3;7.6;11;14 | CK43: 25 | CL43: 84.3 .35568 -.0663059 .00094832 -1.1782E-05 | CM43: 0.243 12.3562 -0.8446325 0.030252872-0.000447436 | CN43: 3.064 -0.04308 0.0221715 -0.00037844 8.202E-06 | CO43: 0 | CP43: NULL | CQ43: NULL | CR43: 86 | CS43: 0 | CX43: 0 | CY43: 35 | CZ43: 0 | DA43: 0 | DB43: curves\hd\12/10-HDP250FF-METAL | DC43: 0 | DD43: 0 | DI43: 12/10 AH | DJ43: HDM250147F-CR | DK43: 250 | DQ43: FF | DR43: 460 | EW43: NULL | EX43: NULL | EY43: NULL | EZ43: NULL | FA43: 4 | FB43: NULL | FE43: 1.1111111e+27 | FF43: 0 | FG43: 0 | FH43: 0 | FI43: 0 | FJ43: 0 | FK43: 0 | FL43: 0 | FM43: 0 | FN43: 0 | FO43: 0 | FP43: 0 | FQ43: 0 | FR43: 0 | FS43: 0 | FT43: 0 | FU43: 0 | FV43: 0 | FW43: 0 | FX43: 0 | FY43: 0 | FZ43: 0 | GA43: 0 | GB43: 0 | GC43: 0 | GD43: 0 | GE43: NULL | GF43: NULL | GG43: NULL | GH43: 44879 | GI43: Curve loaded from Warman / Weir printed curve | GJ43: Pieter du Plessis | GK43: TAS ONLINE | GL43: 0 | GM43: 0 | GN43: 304.8 | GO43: 254 | GP43: 0 | GR43: 45756 | GV43: NULL | GW43: NULL | GX43: NULL | GY43: NULL | GZ43: NULL | HA43: NULL | HB43: NULL | HC43: NULL | HD43: NULL | HE43: NULL | HH43: 0 | HI43: 0 | HJ43: 84.7 | HK43: 58.69 | HL43: 500.64 | HN43: NULL | IS43: 0 | IT43: 0 | IU43: 0 | IV43: 0 | IW43: 0 | IX43: 40;60;70;75;78;80; | IY43: 0 | IZ43: 0 | JA43: 0 | JB43: 0 | JC43: bar a | JD43: 300;400;500;600;700;800;900 | JE43: ||| | JF43: 0 | JH43: NULL | JI43: 0 | JJ43: NULL | JK43: 490.2 | JL43: 0 | JM43: 1
A44: 14/12-HD300GART-METAL | B44: SPSA | C44: SLURRY | D44: OPEN | E44: HD | F44: METAL | G44: 4 | H44: 14/12 AH-WRT | J44: WIP | N44: 1 | O44: 1 | P44: 1 | Q44: 11 | R44: 2 | S44: 0 | T44: 0 | U44: 0 | V44: NULL | W44: 1 | X44: 0 | Y44: 0 | Z44: 1 | AA44: 0 | AB44: 1 | AC44: 1 | AD44: 0 | AE44: 0 | AF44: 0 | AG44: 0 | AH44: l/sec | AI44: 1 | AJ44: m | AK44: 1 | AL44: 296.8 | AM44: 1105 | AN44: 0 | AO44: 0 | AP44: 0 | AQ44: 0 | AR44: 87.7 | AS44: 68 | AT44: 79.29 | AU44: 0 | AV44: 0 | AW44: 825.65 | AX44: 76.61 | AY44: 782.12 | AZ44: 10.39 | BA44: 87.7 | BB44: 0 | BC44: 25 | BD44: 110 | BE44: 0 | BF44: 0 | BG44: 0 | BH44: 0 | BI44: 0 | BJ44: 0 | BK44: 0 | BL44: 0 | BM44: 400 | BN44: 700 | BO44: 0 | BP44: 0 | BQ44: 0 | BR44: 0 | BS44: 0 | BT44: 0 | BU44: 700 | BV44: 965 | BW44: NULL | BX44: 0 | BY44: 14/12-HD300GART-METAL | CA44: 700 | CB44: 87.7 | CC44: 1105 | CD44: NULL | CE44: 87.7;86.6;85.6;84.7;83.2;81.4;79.5;76.9;73.3;69.8;68 | CF44: 0;60;68;72;76;78;79;79.4;79;78;77 | CG44: 0;296.8;387.4;450.5;543.2;631.6;709.5;816.8;938.9;1055;1105 | CI44: 2;2.2;3;3.5;5.5;6.7;8;10;12.3;13.5;13 | CK44: 100 | CL44: 87.698 .22155 -.1974867 -.000590913 .000189266 | CM44: 0.004 31.97095 -4.9207694 0.349426478-0.009849645 | CN44: 1.99 -0.28676 0.0429743 0.035057072-0.002559182 | CO44: 0 | CP44: NULL | CQ44: NULL | CR44: 105 | CS44: 0 | CX44: 0 | CY44: 0 | CZ44: 0 | DA44: 0 | DC44: 0 | DD44: 0 | DJ44: HD300145GART-METAL | DQ44: HD005G | DR44: 600 | DS44: HD005GG | DT44: 900 | EW44: NULL | EX44: NULL | EY44: NULL | EZ44: NULL | FA44: 4 | FB44: NULL | FC44: 0 0 0 0 0 0 0 0 | FD44: 0 0 0 0 0 0 0 0 0 0 0 0 0 0 0 0 | FE44: 1.1111111e+27 | FF44: 0 | FG44: 0 | FH44: 0 | FI44: 0 | FJ44: 0 | FK44: 0 | FL44: 0 | FM44: 0 | FN44: 0 | FO44: 0 | FP44: 0 | FQ44: 0 | FR44: 0 | FS44: 0 | FT44: 0 | FU44: 0 | FV44: 0 | FW44: 0 | FX44: 0 | FY44: 0 | FZ44: 0 | GA44: 0 | GB44: 0 | GC44: 0 | GD44: 0 | GE44: NULL | GF44: NULL | GG44: NULL | GH44: 45440 | GJ44: TAS ONLINE | GK44: TAS ONLINE | GL44: 0 | GM44: 0 | GN44: 360 | GO44: 305 | GP44: 0 | GR44: 45440 | GV44: NULL | GW44: NULL | GX44: NULL | GY44: NULL | GZ44: NULL | HA44: NULL | HB44: NULL | HC44: NULL | HD44: NULL | HE44: NULL | HH44: 0 | HI44: 0 | HJ44: 86.61 | HK44: 71.76 | HL44: 886.12 | HN44: NULL | IS44: 0 | IT44: 0 | IU44: 0 | IV44: 0 | IW44: 0 | IX44: 60.0 68.0 72.0 76.0 78.0 0.0 0.0 0.0 | IY44: 0 | IZ44: 0 | JA44: 0 | JB44: 0 | JC44: bar a | JD44: 400 450 500 550 600 650 700 0 | JE44: 19;494;0;1000|629;10;0;100|| | JF44: 0 | JG44: 14_12-HD300GART-METAL.png | JH44: NULL | JI44: 0 | JJ44: NULL | JK44: 956.71 | JL44: 0 | JM44: 1
A45: 14/12-HD300G-METAL | B45: SPSA | C45: SLURRY | D45: CLOSED | E45: HD | F45: METAL | G45: 5 | H45: WPG1412AH30 | I45: WARMAN | J45: Live | L45: AH | M45: 14/12 AH-M | N45: 1 | O45: 1 | P45: 1 | Q45: 9 | R45: 2 | S45: 0 | T45: 0 | U45: 0 | V45: NULL | W45: 1 | X45: 0 | Y45: 0 | Z45: 1 | AA45: 0 | AB45: 1 | AC45: 1 | AD45: 0 | AE45: 0 | AF45: 0 | AG45: 0 | AH45: l/sec | AI45: 1 | AJ45: m | AK45: 1 | AL45: 163 | AM45: 1140 | AN45: 0 | AO45: 0 | AP45: 0 | AQ45: 900 | AR45: 88 | AS45: 59.4 | AT45: 76.43 | AU45: 0 | AV45: 0 | AW45: 817.01 | AX45: 73.95 | AY45: 774.98 | AZ45: 15.24 | BA45: 88 | BB45: 0 | BC45: 25 | BD45: 82 | BE45: 0 | BF45: 0 | BG45: 0 | BH45: 0 | BI45: 0 | BJ45: 0 | BK45: 0 | BL45: 0 | BM45: 300 | BN45: 700 | BO45: 0 | BP45: 0 | BQ45: 0 | BR45: 0 | BS45: 0 | BT45: 0 | BU45: 700 | BV45: 965 | BW45: NULL | BX45: 0 | BY45: 14/12-HD300G-METAL | CA45: 700 | CB45: 88 | CC45: 1140 | CD45: NULL | CE45: 88;88.2;88;87.2;84.8;80.4;74.1;67.1;59.4 | CF45: 0;40;50;60;70;75;77;75;70 | CG45: 0;163;225;310;460;635;810;980;1140 | CI45: 2.5;2.5;3;4.7;7.3;11;15;19.5;24.5 | CK45: 100 | CL45: 87.988 .59411 -.2516564 -.009042597 .000637383 | CM45: -0.002 32.31269 -5.3960233 0.43042631-0.013905617 | CN45: 2.464 -0.8666 0.6646599-0.065725296 0.002542673 | CO45: 0 | CP45: NULL | CQ45: NULL | CR45: 90 | CS45: 0 | CX45: 0 | CY45: 2100 | CZ45: 0 | DA45: 0 | DB45: curves\hd\14/12-HD300G-METAL | DC45: 0 | DD45: 0 | DI45: 14/12 AH | DJ45: HD300147G-CR | DK45: 300 | DQ45: G | DR45: 600 | DS45: GG | DT45: 900 | EW45: NULL | EX45: NULL | EY45: NULL | EZ45: NULL | FA45: 4 | FB45: NULL | FE45: 1111 | FF45: 0 | FG45: 0 | FH45: 0 | FI45: 0 | FJ45: 0 | FK45: 0 | FL45: 0 | FM45: 0 | FN45: 0 | FO45: 0 | FP45: 0 | FQ45: 0 | FR45: 0 | FS45: 0 | FT45: 0 | FU45: 0 | FV45: 0 | FW45: 0 | FX45: 0 | FY45: 0 | FZ45: 0 | GA45: 0 | GB45: 0 | GC45: 0 | GD45: 0 | GE45: NULL | GF45: NULL | GG45: NULL | GH45: 44872 | GI45: Curve loaded from Warman / Weir printed curve | GJ45: Gugu Khoza | GK45: Pieter du Plessis | GL45: 0 | GM45: 0 | GN45: 355.6 | GO45: 304.8 | GP45: 0 | GR45: 44875 | GV45: NULL | GW45: NULL | GX45: NULL | GY45: NULL | GZ45: NULL | HA45: NULL | HB45: NULL | HC45: NULL | HD45: NULL | HE45: NULL | HH45: 0 | HI45: 0 | HJ45: 88.25 | HK45: 66.99 | HL45: 855.42 | HN45: NULL | IS45: 0 | IT45: 0 | IU45: 0 | IV45: 0 | IW45: 0 | IX45: 40;50;60;70;75;77; | IY45: 0 | IZ45: 0 | JA45: 0 | JB45: 0 | JC45: bar a | JD45: 300;350;400;450;500;550;600;650;700 | JE45: ||| | JF45: 0 | JH45: NULL | JI45: 0 | JJ45: NULL | JK45: 948.4 | JL45: 0 | JM45: 1
A46: 14/12-HD300G-RUBBER | B46: SPSA | C46: SLURRY | D46: CLOSED | E46: HD | F46: RUBBER | G46: 5 | H46: WPG1412AH32 | I46: WARMAN | J46: Live | L46: AH | M46: 14/12 AH-R | N46: 1 | O46: 1 | P46: 1 | Q46: 11 | R46: 2 | S46: 0 | T46: 0 | U46: 0 | V46: NULL | W46: 1 | X46: 0 | Y46: 0 | Z46: 1 | AA46: 0 | AB46: 1 | AC46: NULL | AD46: 0 | AE46: 0 | AF46: 0 | AG46: 0 | AH46: l/sec | AI46: 1 | AJ46: m | AK46: 1 | AL46: 125 | AM46: 888.5 | AN46: 0 | AO46: 0 | AP46: 0 | AQ46: 425 | AR46: 47 | AS46: 31.8 | AT46: 78.3 | AU46: 0 | AV46: 0 | AW46: 645.15 | AX46: 38.76 | AY46: 313.09 | AZ46: 7.29 | BA46: 47 | BB46: 0 | BC46: 26 | BD46: 91 | BE46: 0 | BF46: 0 | BG46: 0 | BH46: 0 | BI46: 0 | BJ46: 0 | BK46: 0 | BL46: 0 | BM46: 300 | BN46: 500 | BO46: 0 | BP46: 0 | BQ46: 0 | BR46: 0 | BS46: 0 | BT46: 0 | BU46: 500 | BV46: 965 | BW46: NULL | BX46: 0 | BY46: 14/12-HD300G-RUBBER | CA46: 500 | CB46: 47 | CC46: 888.5 | CD46: NULL | CE46: 47;46.6;46.2;45.7;44.3;42.7;40.6;38.8;37.2;34.5;31.8 | CF46: 0;40;50;60;70;75;78;79;78;75;70 | CG46: 0;125;175;226;350;450;565;646;705.5;800;888.5 | CI46: 1.7;1.7;1.9;2.3;3.6;4.6;6;7.3;8.2;10;11.6 | CK46: 25 | CL46: 47.019 -.03894 -.0116642 5.5535E-05 -1.001E-06 | CM46: -0.055 10.59365 -0.5799377 0.015489927 -0.00016887 | CN46: 1.677 -0.08656 0.0217834-0.000562416 6.767E-06 | CO46: 0 | CP46: NULL | CQ46: NULL | CR46: 104 | CS46: 0 | CX46: 0 | CY46: 2100 | CZ46: 0 | DA46: 0 | DB46: curves\hd\14/12-HD300G-RUBBER | DC46: 0 | DD46: 0 | DJ46: HD300147G-RU | DK46: 300 | DQ46: G | DR46: 600 | DS46: GG | DT46: 900 | EW46: NULL | EX46: NULL | EY46: NULL | EZ46: NULL | FA46: 4 | FB46: NULL | FE46: 1111 | FF46: 0 | FG46: 0 | FH46: 0 | FI46: 0 | FJ46: 0 | FK46: 0 | FL46: 0 | FM46: 0 | FN46: 0 | FO46: 0 | FP46: 0 | FQ46: 0 | FR46: 0 | FS46: 0 | FT46: 0 | FU46: 0 | FV46: 0 | FW46: 0 | FX46: 0 | FY46: 0 | FZ46: 0 | GA46: 0 | GB46: 0 | GC46: 0 | GD46: 0 | GE46: NULL | GF46: NULL | GG46: NULL | GH46: 44875 | GI46: Curve loaded from Warman / Weir printed curve | GJ46: Pieter du Plessis | GK46: Pieter du Plessis | GL46: 0 | GM46: 0 | GN46: 355.6 | GO46: 304.8 | GP46: 0 | GR46: 44875 | GV46: NULL | GW46: NULL | GX46: NULL | GY46: NULL | GZ46: NULL | HA46: NULL | HB46: NULL | HC46: NULL | HD46: NULL | HE46: NULL | HH46: 0 | HI46: 0 | HJ46: 46.54 | HK46: 35.36 | HL46: 350.51 | HN46: NULL | IS46: 0 | IT46: 0 | IU46: 0 | IV46: 0 | IW46: 0 | IX46: 40;50;60;70;75;78;79; | IY46: 0 | IZ46: 0 | JA46: 0 | JB46: 0 | JC46: bar a | JD46: 300;350;400;450;500;500 | JE46: ||| | JF46: 0 | JH46: NULL | JI46: 0 | JJ46: NULL | JK46: 395.72 | JL46: 0 | JM46: 1
A47: 14/12-HDM300F-METAL | B47: SPSA | C47: SLURRY | D47: CLOSED | E47: HD | F47: METAL | G47: 5 | H47: WPG1412AH30 | I47: WARMAN | J47: Live | L47: AH | M47: 14/12 AH-M | N47: 1 | O47: 1 | P47: 1 | Q47: 9 | R47: 2 | S47: 0 | T47: 0 | U47: 0 | V47: NULL | W47: 1 | X47: 0 | Y47: 0 | Z47: 1 | AA47: 0 | AB47: 1 | AC47: 1 | AD47: 0 | AE47: 0 | AF47: 0 | AG47: 0 | AH47: l/sec | AI47: 1 | AJ47: m | AK47: 1 | AL47: 163 | AM47: 1140 | AN47: 0 | AO47: 0 | AP47: 0 | AQ47: 900 | AR47: 88 | AS47: 59.4 | AT47: 76.43 | AU47: 0 | AV47: 0 | AW47: 817.01 | AX47: 73.95 | AY47: 774.98 | AZ47: 15.24 | BA47: 88 | BB47: 0 | BC47: 25 | BD47: 82 | BE47: 0 | BF47: 0 | BG47: 0 | BH47: 0 | BI47: 0 | BJ47: 0 | BK47: 0 | BL47: 0 | BM47: 300 | BN47: 700 | BO47: 0 | BP47: 0 | BQ47: 0 | BR47: 0 | BS47: 0 | BT47: 0 | BU47: 700 | BV47: 965 | BW47: NULL | BX47: 0 | BY47: 14/12-HD300G-METAL | CA47: 700 | CB47: 88 | CC47: 1140 | CD47: NULL | CE47: 88;88.2;88;87.2;84.8;80.4;74.1;67.1;59.4 | CF47: 0;40;50;60;70;75;77;75;70 | CG47: 0;163;225;310;460;635;810;980;1140 | CI47: 2.5;2.5;3;4.7;7.3;11;15;19.5;24.5 | CK47: 100 | CL47: 87.988 .59411 -.2516564 -.009042597 .000637383 | CM47: -0.002 32.31269 -5.3960233 0.43042631-0.013905617 | CN47: 2.464 -0.8666 0.6646599-0.065725296 0.002542673 | CO47: 0 | CP47: NULL | CQ47: NULL | CR47: 90 | CS47: 0 | CX47: 0 | CY47: 2100 | CZ47: 0 | DA47: 0 | DB47: curves\hd\14/12-HD300G-METAL | DC47: 0 | DD47: 0 | DI47: 14/12 AH | DJ47: HD300147G-CR | DK47: 300 | DQ47: FAM | DR47: 260 | DS47: FFAM | DT47: 425 | EW47: NULL | EX47: NULL | EY47: NULL | EZ47: NULL | FA47: 4 | FB47: NULL | FE47: 1111 | FF47: 0 | FG47: 0 | FH47: 0 | FI47: 0 | FJ47: 0 | FK47: 0 | FL47: 0 | FM47: 0 | FN47: 0 | FO47: 0 | FP47: 0 | FQ47: 0 | FR47: 0 | FS47: 0 | FT47: 0 | FU47: 0 | FV47: 0 | FW47: 0 | FX47: 0 | FY47: 0 | FZ47: 0 | GA47: 0 | GB47: 0 | GC47: 0 | GD47: 0 | GE47: NULL | GF47: NULL | GG47: NULL | GH47: 44872 | GI47: Curve loaded from Warman / Weir printed curve | GJ47: Gugu Khoza | GK47: Pieter du Plessis | GL47: 0 | GM47: 0 | GN47: 355.6 | GO47: 304.8 | GP47: 0 | GR47: 45176 | GV47: NULL | GW47: NULL | GX47: NULL | GY47: NULL | GZ47: NULL | HA47: NULL | HB47: NULL | HC47: NULL | HD47: NULL | HE47: NULL | HH47: 0 | HI47: 0 | HJ47: 88.25 | HK47: 66.99 | HL47: 855.42 | HN47: NULL | IS47: 0 | IT47: 0 | IU47: 0 | IV47: 0 | IW47: 0 | IX47: 40;50;60;70;75;77; | IY47: 0 | IZ47: 0 | JA47: 0 | JB47: 0 | JC47: bar a | JD47: 300;350;400;450;500;550;600;650;700 | JE47: ||| | JF47: 0 | JH47: NULL | JI47: 0 | JJ47: NULL | JK47: 948.4 | JL47: 0 | JM47: 1
A48: 14/12-HDM300F-RUBBER | B48: SPSA | C48: SLURRY | D48: CLOSED | E48: HD | F48: RUBBER | G48: 5 | H48: WPG1412AH32 | I48: WARMAN | J48: Live | L48: AH | M48: 14/12 AH-R | N48: 1 | O48: 1 | P48: 1 | Q48: 11 | R48: 2 | S48: 0 | T48: 0 | U48: 0 | V48: NULL | W48: 1 | X48: 0 | Y48: 0 | Z48: 1 | AA48: 0 | AB48: 1 | AC48: 1 | AD48: 0 | AE48: 0 | AF48: 0 | AG48: 0 | AH48: l/sec | AI48: 1 | AJ48: m | AK48: 1 | AL48: 125 | AM48: 888.5 | AN48: 0 | AO48: 0 | AP48: 0 | AQ48: 425 | AR48: 47 | AS48: 31.8 | AT48: 78.3 | AU48: 0 | AV48: 0 | AW48: 645.15 | AX48: 38.76 | AY48: 313.09 | AZ48: 7.29 | BA48: 47 | BB48: 0 | BC48: 26 | BD48: 91 | BE48: 0 | BF48: 0 | BG48: 0 | BH48: 0 | BI48: 0 | BJ48: 0 | BK48: 0 | BL48: 0 | BM48: 300 | BN48: 500 | BO48: 0 | BP48: 0 | BQ48: 0 | BR48: 0 | BS48: 0 | BT48: 0 | BU48: 500 | BV48: 965 | BW48: NULL | BX48: 0 | BY48: 14/12 AH-R | CA48: 500 | CB48: 47 | CC48: 888.5 | CD48: NULL | CE48: 47;46.6;46.2;45.7;44.3;42.7;40.6;38.8;37.2;34.5;31.8 | CF48: 0;40;50;60;70;75;78;79;78;75;70 | CG48: 0;125;175;226;350;450;565;646;705.5;800;888.5 | CI48: 1.7;1.7;1.9;2.3;3.6;4.6;6;7.3;8.2;10;11.6 | CK48: 25 | CL48: 47.019 -.03894 -.0116642 5.5535E-05 -1.001E-06 | CM48: -0.055 10.59365 -0.5799377 0.015489927 -0.00016887 | CN48: 1.677 -0.08656 0.0217834-0.000562416 6.767E-06 | CO48: 0 | CP48: NULL | CQ48: NULL | CR48: 104 | CS48: 0 | CT48: HD300 (5) | CX48: 0 | CY48: 2100 | CZ48: 0 | DA48: 0 | DB48: curves\hd\14_12-hdm300f-rubber | DC48: 0 | DD48: 0 | DJ48: HDM300147F-RU | DK48: 300 | DQ48: FAM | DR48: 260 | DS48: FFAM | DT48: 425 | EW48: NULL | EX48: NULL | EY48: NULL | EZ48: NULL | FA48: 4 | FB48: NULL | FE48: 1.1111111e+23 | FF48: 0 | FG48: 0 | FH48: 0 | FI48: 0 | FJ48: 0 | FK48: 0 | FL48: 0 | FM48: 0 | FN48: 0 | FO48: 0 | FP48: 0 | FQ48: 0 | FR48: 0 | FS48: 0 | FT48: 0 | FU48: 0 | FV48: 0 | FW48: 0 | FX48: 0 | FY48: 0 | FZ48: 0 | GA48: 0 | GB48: 0 | GC48: 0 | GD48: 0 | GE48: NULL | GF48: NULL | GG48: NULL | GH48: 44648 | GI48: Curve loaded from Warman / Weir printed curve | GJ48: Gugu Khoza | GK48: Pieter du Plessis | GL48: 0 | GM48: 0 | GN48: 355.6 | GO48: 304.8 | GP48: 0 | GQ48: A | GR48: 44872 | GV48: NULL | GW48: NULL | GX48: NULL | GY48: NULL | GZ48: NULL | HA48: NULL | HB48: NULL | HC48: NULL | HD48: NULL | HE48: NULL | HH48: 0 | HI48: 0 | HJ48: 46.54 | HK48: 35.36 | HL48: 350.51 | HN48: NULL | IS48: 0 | IT48: 0 | IU48: 0 | IV48: 0 | IW48: 0 | IX48: 40;50;60;70;75;78;79; | IY48: 0 | IZ48: 0 | JA48: 0 | JB48: 0 | JC48: bar a | JD48: 300;350;400;450;500;500 | JE48: ||| | JF48: 0 | JH48: NULL | JI48: 0 | JJ48: NULL | JK48: 395.72 | JL48: 0 | JM48: 1
A49: 14/12-HDP300GP-METAL | B49: SPSA | C49: SLURRY | D49: CLOSED | E49: HD | F49: METAL | G49: 5 | H49: WPG1412AH30 | I49: WARMAN | J49: Live | L49: AH | M49: 14/12 AH-M | N49: 1 | O49: 1 | P49: 1 | Q49: 9 | R49: 2 | S49: 0 | T49: 0 | U49: 0 | V49: NULL | W49: 1 | X49: 0 | Y49: 0 | Z49: 1 | AA49: 0 | AB49: 1 | AC49: 1 | AD49: 0 | AE49: 0 | AF49: 0 | AG49: 0 | AH49: l/sec | AI49: 1 | AJ49: m | AK49: 1 | AL49: 163 | AM49: 1140 | AN49: 0 | AO49: 0 | AP49: 0 | AQ49: 900 | AR49: 88 | AS49: 59.4 | AT49: 76.43 | AU49: 0 | AV49: 0 | AW49: 817.01 | AX49: 73.95 | AY49: 774.98 | AZ49: 15.24 | BA49: 88 | BB49: 0 | BC49: 25 | BD49: 82 | BE49: 0 | BF49: 0 | BG49: 0 | BH49: 0 | BI49: 0 | BJ49: 0 | BK49: 0 | BL49: 0 | BM49: 300 | BN49: 700 | BO49: 0 | BP49: 0 | BQ49: 0 | BR49: 0 | BS49: 0 | BT49: 0 | BU49: 700 | BV49: 965 | BW49: NULL | BX49: 0 | BY49: 14/12-HDP300GP-METAL | CA49: 700 | CB49: 88 | CC49: 1140 | CD49: NULL | CE49: 88;88.2;88;87.2;84.8;80.4;74.1;67.1;59.4 | CF49: 0;40;50;60;70;75;77;75;70 | CG49: 0;163;225;310;460;635;810;980;1140 | CI49: 2.5;2.5;3;4.7;7.3;11;15;19.5;24.5 | CK49: 100 | CL49: 87.988 .59411 -.2516564 -.009042597 .000637383 | CM49: -0.002 32.31269 -5.3960233 0.43042631-0.013905617 | CN49: 2.464 -0.8666 0.6646599-0.065725296 0.002542673 | CO49: 0 | CP49: NULL | CQ49: NULL | CR49: 90 | CS49: 0 | CX49: 0 | CY49: 35 | CZ49: 0 | DA49: 0 | DB49: curves\hd\14/12-HDP300GP-METAL | DC49: 0 | DD49: 0 | DI49: 14/12 AH | DJ49: HD300147G-CR | DK49: 300 | DQ49: GP | DR49: 600 | EW49: NULL | EX49: NULL | EY49: NULL | EZ49: NULL | FA49: 4 | FB49: NULL | FE49: 1.1111111e+35 | FF49: 0 | FG49: 0 | FH49: 0 | FI49: 0 | FJ49: 0 | FK49: 0 | FL49: 0 | FM49: 0 | FN49: 0 | FO49: 0 | FP49: 0 | FQ49: 0 | FR49: 0 | FS49: 0 | FT49: 0 | FU49: 0 | FV49: 0 | FW49: 0 | FX49: 0 | FY49: 0 | FZ49: 0 | GA49: 0 | GB49: 0 | GC49: 0 | GD49: 0 | GE49: NULL | GF49: NULL | GG49: NULL | GH49: 44876 | GI49: Curve loaded from Warman / Weir printed curve | GJ49: Pieter du Plessis | GK49: Pieter du Plessis | GL49: 0 | GM49: 0 | GN49: 355.6 | GO49: 304.8 | GP49: 0 | GR49: 44879 | GV49: NULL | GW49: NULL | GX49: NULL | GY49: NULL | GZ49: NULL | HA49: NULL | HB49: NULL | HC49: NULL | HD49: NULL | HE49: NULL | HH49: 0 | HI49: 0 | HJ49: 88.25 | HK49: 66.99 | HL49: 855.42 | HN49: NULL | IS49: 0 | IT49: 0 | IU49: 0 | IV49: 0 | IW49: 0 | IX49: 40;50;60;70;75;77; | IY49: 0 | IZ49: 0 | JA49: 0 | JB49: 0 | JC49: bar a | JD49: 300;350;400;450;500;550;600;650;700 | JE49: ||| | JF49: 0 | JH49: NULL | JI49: 0 | JJ49: NULL | JK49: 948.4 | JL49: 0 | JM49: 1
A50: 15/6-HDF150E-METAL | B50: SPSA | C50: SLURRY | D50: OPEN | E50: HD | F50: METAL | G50: 4 | H50: ESY8661 | I50: WARMAN | J50: WIP | N50: 3 | O50: 3 | P50: 1 | Q50: 11 | R50: 2 | S50: 0 | T50: 0 | U50: 0 | V50: NULL | W50: 1 | X50: 0 | Y50: 0 | Z50: 1 | AA50: 0 | AB50: 1 | AC50: 1 | AD50: 1 | AE50: 0 | AF50: 0 | AG50: 0 | AH50: l/sec | AI50: 1 | AJ50: m | AK50: 1 | AL50: 37.7 | AM50: 306.1 | AN50: 0 | AO50: 0 | AP50: 0 | AQ50: 0 | AR50: 39.1 | AS50: 6.7 | AT50: 67.45 | AU50: 0 | AV50: 0 | AW50: 228.85 | AX50: 32.92 | AY50: 109.51 | AZ50: 4.2 | BA50: 39.1 | BB50: 0 | BC50: 30 | BD50: 139 | BE50: 0 | BF50: 0 | BG50: 0 | BH50: 0 | BI50: 0 | BJ50: 0 | BK50: 0 | BL50: 0 | BM50: 450 | BN50: 850 | BO50: 0 | BP50: 0 | BQ50: 0 | BR50: 0 | BS50: 0 | BT50: 0 | BU50: 850 | BV50: 552 | BW50: NULL | BX50: 0 | BY50: 6 AHF;6 AHF;6 AHF | CA50: 450.00 700.00 850.00 | CB50: 11 26.5 39.1 | CC50: 165.5 261.7 306.1 | CD50: NULL | CE50: 11;10.3;10.2;10.2;10;9.9;9.6;9.3;9;8.4;7.4;6.7|26.5;25.1;24.8;24.6;24.3;23.8;23.2;22.3;21.5;20;17.7;16.3|39.1;36.9;36.5;36.2;35.9;35.1;34.2;33;31.4;29.4;26.2 | CF50: 0;40;50;55;60;65;67;67.6;67;65;60;58|0;40;50;55;60;65;67;67.6;67;65;60;58|0;40;50;55;60;65;67;67.6;67;65;60 | CG50: 0;37.7;53.5;63.3;80.3;100.4;112;120.5;130.8;142.4;157.6;165.5|0;59;82.8;98.6;118.7;147.9;169.8;189.9;205.7;226.4;250.7;261.7|0;71.8;100.4;120.5;143.6;178.9;204.5;227.6;251.3;275.7;306.1 | CI50: 1.1;1.3;1.4;1.5;1.6;2.2;2.3;2.4;2.6;2.8;3;3.3|1.1;1.46;1.8;2.2;2.4;2.8;3.3;3.5;3.8;4;4.7;5|1.1;1.6;2.1;2.4;3.8;3.3;3.7;4;4.5;5.3;5.5 | CK50: 10 25 25 | CL50: 10.999 -.31319 .0428547 -.002189375 -1.2236E-05 26.499 -.8612 .1399113 -.009240354 -.000490393 39.104 -1.35901 .2728429 -.025770785 .000450636 | CM50: 0.021 14.74797 -1.3302246 0.068452731-0.001768536 0.017 22.70943 -2.8680597 0.19299701 -0.00726157 0 18.87946 -2.0345035 0.121133311 -0.00393802 | CN50: 1.11 -0.01107 0.0140049-0.000344757 4.17E-07 1.101 -0.16966 0.1903426-0.025670446 0.001188017 1.075 -0.17921 0.1949213-0.023565149 0.000926456 | CO50: 0.00 0.00 0.00 | CP50: NULL | CQ50: NULL | CR50: 0 | CS50: 0 | CX50: 0 | CY50: 0 | CZ50: 0 | DA50: 0 | DC50: 0 | DD50: 0 | DQ50: EAM | DR50: 110 | DS50: EEAM | DT50: 225 | EW50: NULL | EX50: NULL | EY50: NULL | EZ50: NULL | FA50: 4 | FB50: NULL | FC50: 0 0 0 0 0 0 0 0 | FD50: 0 0 0 0 0 0 0 0 0 0 0 0 0 0 0 0 | FE50: 111111111111 | FF50: 0 | FG50: 0 | FH50: 0 | FI50: 0 | FJ50: 0 | FK50: 0 | FL50: 0 | FM50: 0 | FN50: 0 | FO50: 0 | FP50: 0 | FQ50: 0 | FR50: 0 | FS50: 0 | FT50: 0 | FU50: 0 | FV50: 0 | FW50: 0 | FX50: 0 | FY50: 0 | FZ50: 0 | GA50: 0 | GB50: 0 | GC50: 0 | GD50: 0 | GE50: NULL | GF50: NULL | GG50: NULL | GH50: 45149 | GJ50: Pieter du Plessis | GK50: Pieter du Plessis | GL50: 0 | GM50: 0 | GN50: 371 | GO50: 152 | GP50: 0 | GR50: 45162 | GV50: NULL | GW50: NULL | GX50: NULL | GY50: NULL | GZ50: NULL | HA50: NULL | HB50: NULL | HC50: NULL | HD50: NULL | HE50: NULL | HH50: 0 | HI50: 0 | HJ50: 37.59 | HK50: 29.5 | HL50: 121.98 | HN50: NULL | IS50: 0 | IT50: 0 | IU50: 0 | IV50: 0 | IW50: 0 | IX50: 40.0 50.0 55.0 60.0 65.0 67.0 0.0 0.0 | IY50: 0 | IZ50: 0 | JA50: 0 | JB50: 0 | JC50: bar a | JD50: 550 600 650 700 750 800 850 0 | JE50: 33;526;0;300|598;23;0;40|| | JF50: 0 | JG50: 15_6-HDF150E-METAL.png | JH50: NULL | JI50: 0 | JJ50: NULL | JK50: 131.04 | JL50: 5.5 | JM50: 3
A51: 16/14-HD350H-METAL | B51: SPSA | C51: SLURRY | D51: CLOSED | E51: HD | F51: METAL | G51: 5 | H51: WPG1614AH30 | I51: WARMAN | J51: Live | L51: AH | M51: 16/14 AH-M | N51: 1 | O51: 1 | P51: 1 | Q51: 8 | R51: 2 | S51: 0 | T51: 0 | U51: 0 | V51: NULL | W51: 1 | X51: 0 | Y51: 0 | Z51: 1 | AA51: 0 | AB51: 1 | AC51: 1 | AD51: 0 | AE51: 0 | AF51: 0 | AG51: 0 | AH51: l/sec | AI51: 1 | AJ51: m | AK51: 1 | AL51: 220 | AM51: 1185 | AN51: 0 | AO51: 0 | AP51: 0 | AQ51: 900 | AR51: 62 | AS51: 49 | AT51: 82.25 | AU51: 0 | AV51: 0 | AW51: 1016.18 | AX51: 53.21 | AY51: 644.52 | AZ51: 10.59 | BA51: 62 | BB51: 0 | BC51: 28 | BD51: 94 | BE51: 0 | BF51: 0 | BG51: 0 | BH51: 0 | BI51: 0 | BJ51: 0 | BK51: 0 | BL51: 0 | BM51: 250 | BN51: 550 | BO51: 0 | BP51: 0 | BQ51: 0 | BR51: 0 | BS51: 0 | BT51: 0 | BU51: 550 | BV51: 1067 | BW51: NULL | BX51: 0 | BY51: 16/14-HD350H-METAL | CA51: 550 | CB51: 62 | CC51: 1185 | CD51: NULL | CE51: 62;63.5;63.55;62.8;61.7;59.2;54;49 | CF51: 0;50;60;70;75;80;82;80 | CG51: 0;220;305;442;558;740;980;1185 | CI51: 4.1;4.1;4.1;4.5;5.3;6.7;10;13.8 | CK51: 100 | CL51: 62.01 1.15036 -.2173651 -.000906072 .000272488 | CM51: 0.062 32.58066 -5.4483738 0.439545822 -0.01382202 | CN51: 4.106 -0.09379 0.0125975 0.008379306-0.000248759 | CO51: 0 | CP51: NULL | CQ51: NULL | CR51: 135 | CS51: 0 | CX51: 0 | CY51: 2100 | CZ51: 0 | DA51: 0 | DB51: curves\hd\16/14-HD350H-METAL | DC51: 0 | DD51: 0 | DI51: 16/14 AH | DJ51: HDM350147H-CR | DK51: 350 | DQ51: H | DR51: 1400 | EW51: NULL | EX51: NULL | EY51: NULL | EZ51: NULL | FA51: 4 | FB51: NULL | FE51: 1.1111111e+27 | FF51: 0 | FG51: 0 | FH51: 0 | FI51: 0 | FJ51: 0 | FK51: 0 | FL51: 0 | FM51: 0 | FN51: 0 | FO51: 0 | FP51: 0 | FQ51: 0 | FR51: 0 | FS51: 0 | FT51: 0 | FU51: 0 | FV51: 0 | FW51: 0 | FX51: 0 | FY51: 0 | FZ51: 0 | GA51: 0 | GB51: 0 | GC51: 0 | GD51: 0 | GE51: NULL | GF51: NULL | GG51: NULL | GH51: 44872 | GI51: Curve loaded from Warman / Weir printed curve | GJ51: Gugu Khoza | GK51: TAS ONLINE | GL51: 0 | GM51: 0 | GN51: 406.4 | GO51: 355.6 | GP51: 0 | GR51: 45761 | GV51: NULL | GW51: NULL | GX51: NULL | GY51: NULL | GZ51: NULL | HA51: NULL | HB51: NULL | HC51: NULL | HD51: NULL | HE51: NULL | HH51: 0 | HI51: 0 | HJ51: 63.49 | HK51: 48.1 | HL51: 731.75 | HN51: NULL | IS51: 0 | IT51: 0 | IU51: 0 | IV51: 0 | IW51: 0 | IX51: 50;60;70;75;80;82; | IY51: 0 | IZ51: 0 | JA51: 0 | JB51: 0 | JC51: bar a | JD51: 250;300;350;400;450;500;550 | JE51: ||| | JF51: 0 | JH51: NULL | JI51: 0 | JJ51: NULL | JK51: 711.58 | JL51: 0 | JM51: 1
A52: 16/14-HD350H-RUBBER | B52: SPSA | C52: SLURRY | D52: CLOSED | E52: HD | F52: RUBBER | G52: 5 | H52: WPG1614AH32 | I52: WARMAN | J52: Live | L52: AH | M52: 16/14 AH-R | N52: 1 | O52: 1 | P52: 1 | Q52: 8 | R52: 2 | S52: 0 | T52: 0 | U52: 0 | V52: NULL | W52: 1 | X52: 0 | Y52: 0 | Z52: 1 | AA52: 0 | AB52: 1 | AC52: 1 | AD52: 0 | AE52: 0 | AF52: 0 | AG52: 0 | AH52: l/sec | AI52: 1 | AJ52: m | AK52: 1 | AL52: 190 | AM52: 1000 | AN52: 0 | AO52: 0 | AP52: 0 | AQ52: 1400 | AR52: 42.3 | AS52: 32 | AT52: 82.17 | AU52: 0 | AV52: 0 | AW52: 841.3 | AX52: 35.48 | AY52: 356.14 | AZ52: 8.5 | BA52: 42.3 | BB52: 0 | BC52: 28 | BD52: 83 | BE52: 0 | BF52: 0 | BG52: 0 | BH52: 0 | BI52: 0 | BJ52: 0 | BK52: 0 | BL52: 0 | BM52: 250 | BN52: 450 | BO52: 0 | BP52: 0 | BQ52: 0 | BR52: 0 | BS52: 0 | BT52: 0 | BU52: 450 | BV52: 1067 | BW52: NULL | BX52: 0 | BY52: 16/14-HD350H-RUBBER | CA52: 450 | CB52: 42.3 | CC52: 1000 | CD52: NULL | CE52: 42.3;43.2;43.15;42.5;41.7;39.8;36.3;32 | CF52: 0;50;60;70;75;80;82;80 | CG52: 0;190;257;370;453;605;800;1000 | CI52: 3.3;3.3;3.5;4;4.5;5.8;8;10.5 | CK52: 100 | CL52: 42.3 1.0011 -.2917316 .010235419 -.0001376 | CM52: 0.027 37.56663 -7.0695723 0.64077389 -0.02295417 | CN52: 3.297 -0.1489 0.0749724 0.005838465-0.000464227 | CO52: 0 | CP52: NULL | CQ52: NULL | CR52: 120 | CS52: 0 | CX52: 0 | CY52: 2100 | CZ52: 0 | DA52: 0 | DB52: curves\hd\16/14-HD350H-RUBBER | DC52: 0 | DD52: 0 | DI52: 16/14 AH | DJ52: HD350147H-RU | DK52: 350 | DQ52: H | DR52: 1400 | EW52: NULL | EX52: NULL | EY52: NULL | EZ52: NULL | FA52: 4 | FB52: NULL | FE52: 1111 | FF52: 0 | FG52: 0 | FH52: 0 | FI52: 0 | FJ52: 0 | FK52: 0 | FL52: 0 | FM52: 0 | FN52: 0 | FO52: 0 | FP52: 0 | FQ52: 0 | FR52: 0 | FS52: 0 | FT52: 0 | FU52: 0 | FV52: 0 | FW52: 0 | FX52: 0 | FY52: 0 | FZ52: 0 | GA52: 0 | GB52: 0 | GC52: 0 | GD52: 0 | GE52: NULL | GF52: NULL | GG52: NULL | GH52: 44872 | GI52: Curve loaded from Warman / Weir printed curve | GJ52: Gugu Khoza | GK52: Pieter du Plessis | GL52: 0 | GM52: 0 | GN52: 406.4 | GO52: 355.6 | GP52: 0 | GR52: 44875 | GV52: NULL | GW52: NULL | GX52: NULL | GY52: NULL | GZ52: NULL | HA52: NULL | HB52: NULL | HC52: NULL | HD52: NULL | HE52: NULL | HH52: 0 | HI52: 0 | HJ52: 43.22 | HK52: 31.78 | HL52: 394.97 | HN52: NULL | IS52: 0 | IT52: 0 | IU52: 0 | IV52: 0 | IW52: 0 | IX52: 50;60;70;75;80;82; | IY52: 0 | IZ52: 0 | JA52: 0 | JB52: 0 | JC52: bar a | JD52: 250;300;350;400;450;450 | JE52: ||| | JF52: 0 | JH52: NULL | JI52: 0 | JJ52: NULL | JK52: 392.16 | JL52: 0 | JM52: 1
A53: 16/14-HDM350G-METAL | B53: SPSA | C53: SLURRY | D53: CLOSED | E53: HD | F53: METAL | G53: 5 | H53: WPG1614AH30 | I53: WARMAN | J53: Live | L53: AH | M53: 16/14 AH-M | N53: 1 | O53: 1 | P53: 1 | Q53: 8 | R53: 2 | S53: 0 | T53: 0 | U53: 0 | V53: NULL | W53: 1 | X53: 0 | Y53: 0 | Z53: 1 | AA53: 0 | AB53: 1 | AC53: 1 | AD53: 0 | AE53: 0 | AF53: 0 | AG53: 0 | AH53: l/sec | AI53: 1 | AJ53: m | AK53: 1 | AL53: 220 | AM53: 1185 | AN53: 0 | AO53: 0 | AP53: 0 | AQ53: 900 | AR53: 62 | AS53: 49 | AT53: 82.25 | AU53: 0 | AV53: 0 | AW53: 1016.18 | AX53: 53.21 | AY53: 644.52 | AZ53: 10.59 | BA53: 62 | BB53: 0 | BC53: 28 | BD53: 94 | BE53: 0 | BF53: 0 | BG53: 0 | BH53: 0 | BI53: 0 | BJ53: 0 | BK53: 0 | BL53: 0 | BM53: 250 | BN53: 550 | BO53: 0 | BP53: 0 | BQ53: 0 | BR53: 0 | BS53: 0 | BT53: 0 | BU53: 550 | BV53: 1067 | BW53: NULL | BX53: 0 | BY53: 16/14 AH-M | CA53: 550 | CB53: 62 | CC53: 1185 | CD53: NULL | CE53: 62;63.5;63.55;62.8;61.7;59.2;54;49 | CF53: 0;50;60;70;75;80;82;80 | CG53: 0;220;305;442;558;740;980;1185 | CI53: 4.1;4.1;4.1;4.5;5.3;6.7;10;13.8 | CK53: 100 | CL53: 62.01 1.15036 -.2173651 -.000906072 .000272488 | CM53: 0.062 32.58066 -5.4483738 0.439545822 -0.01382202 | CN53: 4.106 -0.09379 0.0125975 0.008379306-0.000248759 | CO53: 0 | CP53: NULL | CQ53: NULL | CR53: 135 | CS53: 0 | CT53: HD350 (5) | CX53: 0 | CY53: 2100 | CZ53: 0 | DA53: 0 | DB53: curves\hd\16_14-hdm350g-metal | DC53: 0 | DD53: 0 | DI53: 16/14 AH | DJ53: HDM350147G-CR | DK53: 350 | DQ53: GAM | DR53: 600 | DS53: GGAM | DT53: 900 | EW53: NULL | EX53: NULL | EY53: NULL | EZ53: NULL | FA53: 4 | FB53: NULL | FE53: 1.1111111e+27 | FF53: 0 | FG53: 0 | FH53: 0 | FI53: 0 | FJ53: 0 | FK53: 0 | FL53: 0 | FM53: 0 | FN53: 0 | FO53: 0 | FP53: 0 | FQ53: 0 | FR53: 0 | FS53: 0 | FT53: 0 | FU53: 0 | FV53: 0 | FW53: 0 | FX53: 0 | FY53: 0 | FZ53: 0 | GA53: 0 | GB53: 0 | GC53: 0 | GD53: 0 | GE53: NULL | GF53: NULL | GG53: NULL | GH53: 44648 | GI53: Curve loaded from Warman / Weir printed curve | GJ53: Gugu Khoza | GK53: Pieter du Plessis | GL53: 0 | GM53: 0 | GN53: 406.4 | GO53: 355.6 | GP53: 0 | GQ53: A | GR53: 44872 | GV53: NULL | GW53: NULL | GX53: NULL | GY53: NULL | GZ53: NULL | HA53: NULL | HB53: NULL | HC53: NULL | HD53: NULL | HE53: NULL | HH53: 0 | HI53: 0 | HJ53: 63.49 | HK53: 48.1 | HL53: 731.75 | HN53: NULL | IS53: 0 | IT53: 0 | IU53: 0 | IV53: 0 | IW53: 0 | IX53: 50;60;70;75;80;82; | IY53: 0 | IZ53: 0 | JA53: 0 | JB53: 0 | JC53: bar a | JD53: 250;300;350;400;450;500;550 | JE53: ||| | JF53: 0 | JH53: NULL | JI53: 0 | JJ53: NULL | JK53: 711.58 | JL53: 0 | JM53: 1
